,kind,title,htmlTitle,link,displayLink,snippet,htmlSnippet,formattedUrl,htmlFormattedUrl,pagemap.metatags,pagemap.cse_thumbnail,pagemap.cse_image
0,customsearch#result,Hội thảo Hướng nghiệp và Kết nối cho sinh viên Việt Nam tại New ...,Hội thảo Hướng nghiệp và Kết nối cho sinh viên Việt Nam tại New ...,https://vnmission-newyork.mofa.gov.vn/vi-vn/News/Trang/2024.03.23.aspx,vnmission-newyork.mofa.gov.vn,"... 2024 do Hội Thanh niên Sinh viên Việt Nam tại New York và Học viện Hướng ... tuyển, phỏng vấn cung cấp thông tin và các hoạt động tạo kết nối giữa các ...","... <b>2024</b> do Hội Thanh niên Sinh viên Việt Nam tại New York và Học viện Hướng ... <b>tuyển</b>, phỏng vấn cung cấp thông tin và các hoạt động tạo kết nối giữa các&nbsp;...",https://vnmission-newyork.mofa.gov.vn/vi-vn/News/.../2024.03.23.aspx,https://vnmission-newyork.mofa.gov.vn/vi-vn/News/.../<b>2024</b>.03.23.aspx,"[{'viewport': 'width=device-width, initial-scale=1, maximum-scale=1'}]",,
1,customsearch#result,Việt Nam-Malaysia đàm phán về Bản ghi nhớ tuyển dụng lao động,Việt Nam-Malaysia đàm phán về Bản ghi nhớ <b>tuyển dụng</b> lao động,https://vnembassy-kualalumpur.mofa.gov.vn/vi-vn/News/EmbassyNews/Trang/Vi%E1%BB%87t-Nam-Malaysia-%C4%91%C3%A0m-ph%C3%A1n-v%E1%BB%81-B%E1%BA%A3n-ghi-nh%E1%BB%9B-tuy%E1%BB%83n-d%E1%BB%A5ng-lao-%C4%91%E1%BB%99ng.aspx,vnembassy-kualalumpur.mofa.gov.vn,"... tuyển dụng và bố trí ... Notice of working hours of the Embassy and Consular Section on 18 April, 30 April 2024 and 1 May 2024(Wednesday, April 10, 2024).","... <b>tuyển dụng</b> và bố trí ... Notice of working hours of the Embassy and Consular Section on 18 April, 30 April <b>2024</b> and 1 May <b>2024</b>(Wednesday, April 10, <b>2024</b>).",https://vnembassy-kualalumpur.mofa.gov.vn/.../Việt-Nam-Malaysia-đàm-p...,https://vnembassy-kualalumpur.mofa.gov.vn/.../Việt-Nam-Malaysia-đàm-p...,"[{'viewport': 'width=device-width, initial-scale=1, maximum-scale=1'}]","[{'src': 'https://encrypted-tbn0.gstatic.com/images?q=tbn:ANd9GcRFKDKfneLR1vWqLwH-3eQgkoTpKk58jK7rHCfTzr8ENOS4hurd-4GvH5lv&s', 'width': '259', 'height': '194'}]",[{'src': 'https://vnembassy-kualalumpur.mofa.gov.vn/en-us/News/EmbassyNews/PublishingImages/Pages/Vi%E1%BB%87t-Nam-Malaysia-%C4%91%C3%A0m-ph%C3%A1n-v%E1%BB%81-B%E1%BA%A3n-ghi-nh%E1%BB%9B-tuy%E1%BB%83n-d%E1%BB%A5ng-lao-%C4%91%E1%BB%99ng/vnp_Malay.jpg'}]
2,customsearch#result,Untitled,Untitled,https://vnembassy-singapore.mofa.gov.vn/vi-vn/About%20Vietnam/General%20Information/Investment/Doing%20Business/Employment/Trang/default.aspx,vnembassy-singapore.mofa.gov.vn,10/7/2024 | English. Tìm kiếm. Có vẻ như trình duyệt của bạn đang tắt ... tuyển dụng lao động Việt Nam thông qua một trung tâm tuyển dụng. Trong ...,10/7/<b>2024</b> | English. Tìm kiếm. Có vẻ như trình duyệt của bạn đang tắt ... <b>tuyển dụng</b> lao động Việt Nam thông qua một trung tâm <b>tuyển dụng</b>. Trong&nbsp;...,https://vnembassy-singapore.mofa.gov.vn/vi-vn/.../Trang/default.aspx,https://vnembassy-singapore.mofa.gov.vn/vi-vn/.../Trang/default.aspx,"[{'viewport': 'width=device-width, initial-scale=1, maximum-scale=1'}]",,
3,customsearch#result,Diễn đàn Doanh nghiệp Việt Nam - Hungary 2023,Diễn đàn Doanh nghiệp Việt Nam - Hungary 2023,https://vnembassy-budapest.mofa.gov.vn/vi-vn/News/EmbassyNews/Trang/Di%E1%BB%85n-%C4%91%C3%A0n-Doanh-nghi%E1%BB%87p-Vi%E1%BB%87t-Nam---Hungary-2023.aspx,vnembassy-budapest.mofa.gov.vn,Hiện nay Hungary vẫn đang có nhu cầu tuyển dụng lao động nước ngoài (trong đó có Việt Nam). ... Giải thưởng thông tin đối ngoại 2024 (thông báo lần 2) (29/06/2024).,Hiện nay Hungary vẫn đang có nhu cầu <b>tuyển dụng</b> lao động nước ngoài (trong đó có Việt Nam). ... Giải thưởng thông tin đối ngoại <b>2024</b> (thông báo lần 2) (29/06/<b>2024</b>).,https://vnembassy-budapest.mofa.gov.vn/.../Diễn-đàn-Doanh-nghiệp-Việt-...,https://vnembassy-budapest.mofa.gov.vn/.../Diễn-đàn-Doanh-nghiệp-Việt-...,"[{'viewport': 'width=device-width, initial-scale=1, maximum-scale=1'}]","[{'src': 'https://encrypted-tbn0.gstatic.com/images?q=tbn:ANd9GcTmZH0waWs2V39Y52lJPtNAsgx4OyFTigvQT7n_FQxUb-ndOTsQvMC1bHv-&s', 'width': '319', 'height': '158'}]",[{'src': 'https://vnembassy-budapest.mofa.gov.vn/vi-vn/News/EmbassyNews/PublishingImages/Trang/Di%E1%BB%85n-%C4%91%C3%A0n-Doanh-nghi%E1%BB%87p-Vi%E1%BB%87t-Nam---Hungary-2023/2.jpg'}]
4,customsearch#result,THỨ TRƯỞNG LÊ THỊ THU HẰNG GẶP GỠ CỘNG ĐỒNG NGƯỜI ...,THỨ TRƯỞNG LÊ THỊ THU HẰNG GẶP GỠ CỘNG ĐỒNG NGƯỜI ...,https://vnembassy-budapest.mofa.gov.vn/vi-vn/News/EmbassyNews/Trang/TH%E1%BB%A8-TR%C6%AF%E1%BB%9ENG-L%C3%8A-TH%E1%BB%8A-THU-H%E1%BA%B0NG-G%E1%BA%B6P-G%E1%BB%A0-C%E1%BB%98NG-%C4%90%E1%BB%92NG-NG%C6%AF%E1%BB%9CI-VI%E1%BB%86T-T%E1%BA%A0I-SLOVENIA-V%C3%80-CROATIA.aspx,vnembassy-budapest.mofa.gov.vn,"Slovenia là quốc gia nhỏ với khoảng 2 triệu dân, có chính sách nhập cư và tuyển dụng lao động khá chặt chẽ. ... THÔNG BÁO VỀ LỊCH NGHỈ ĐẠI SỨ QUÁN(04/07/2024).","Slovenia là quốc gia nhỏ với khoảng 2 triệu dân, có chính sách nhập cư và <b>tuyển dụng</b> lao động khá chặt chẽ. ... THÔNG BÁO VỀ LỊCH NGHỈ ĐẠI SỨ QUÁN(04/07/<b>2024</b>).",https://vnembassy-budapest.mofa.gov.vn/.../THỨ-TRƯỞNG-LÊ-THỊ-THU...,https://vnembassy-budapest.mofa.gov.vn/.../THỨ-TRƯỞNG-LÊ-THỊ-THU...,"[{'viewport': 'width=device-width, initial-scale=1, maximum-scale=1'}]","[{'src': 'https://encrypted-tbn0.gstatic.com/images?q=tbn:ANd9GcRfZx4vJlVBijD08nOZzehOgWTTOOZtXB9I4CxXZ0FuH5Nw_uJTRIcI&s=0', 'width': '89', 'height': '79'}]",[{'src': 'https://vnembassy-budapest.mofa.gov.vn/_layouts/15/images/searchresultui.png?rev=23'}]
5,customsearch#result,Chính phủ Hàn Quốc tăng cường hoạt động truy bắt,Chính phủ Hàn Quốc tăng cường hoạt động truy bắt,https://vnembassy-seoul.mofa.gov.vn/vi-vn/News/EmbassyNews/Trang/Ch%C3%ADnh-ph%E1%BB%A7-H%C3%A0n-Qu%E1%BB%91c-t%C4%83ng-c%C6%B0%E1%BB%9Dng-ho%E1%BA%A1t-%C4%91%E1%BB%99ng-truy-b%E1%BA%AFt.aspx,vnembassy-seoul.mofa.gov.vn,"17/7/2024 | English. Tìm kiếm. Có ... dụng người lao động nước ngoài, trong đó, tập trung vào doanh nghiệp trong ngành nông nghiệp, xây dựng bị nghi đang tuyển ...","17/7/<b>2024</b> | English. Tìm kiếm. Có ... <b>dụng</b> người lao động nước ngoài, trong đó, tập trung vào doanh nghiệp trong ngành nông nghiệp, xây dựng bị nghi đang <b>tuyển</b>&nbsp;...",https://vnembassy-seoul.mofa.gov.vn/.../Chính-phủ-Hàn-Quốc-tăng-cường-...,https://vnembassy-seoul.mofa.gov.vn/.../Chính-phủ-Hàn-Quốc-tăng-cường-...,"[{'viewport': 'width=device-width, initial-scale=1, maximum-scale=1'}]","[{'src': 'https://encrypted-tbn0.gstatic.com/images?q=tbn:ANd9GcSPTN99xc0O3OviA7-ZwhPSPp6MZ87vOUt-WeAWFxykK01GUrV_A-Jf&s', 'width': '122', 'height': '108'}]",[{'src': 'https://vnembassy-seoul.mofa.gov.vn/_layouts/15/images/searchresultui.png?rev=23'}]
6,customsearch#result,Thông báo Tuyển dụng của Bộ Ngoại giao năm 2020,Thông báo <b>Tuyển dụng</b> của Bộ Ngoại giao năm 2020,https://vnembassy-vientiane.mofa.gov.vn/vi-vn/News/EmbassyNews/Trang/Th%C3%B4ng-b%C3%A1o-Tuy%E1%BB%83n-d%E1%BB%A5ng-c%E1%BB%A7a-B%E1%BB%99-Ngo%E1%BA%A1i-giao-n%C4%83m-2020.aspx?p=5,vnembassy-vientiane.mofa.gov.vn,14/7/2024 | English. Tìm kiếm. Có vẻ như trình duyệt của bạn đang tắt ... Tuyển dụng chi tiết xem tại: https://www.mofa.gov.vn/vi/bng_vietnam ...,14/7/<b>2024</b> | English. Tìm kiếm. Có vẻ như trình duyệt của bạn đang tắt ... <b>Tuyển dụng</b> chi tiết xem tại: https://www.mofa.gov.vn/vi/bng_vietnam&nbsp;...,https://vnembassy-vientiane.mofa.gov.vn/.../Thông-báo-Tuyển-dụng-của-B...,https://vnembassy-vientiane.mofa.gov.vn/.../Thông-báo-<b>Tuyển</b>-<b>dụng</b>-của-B...,"[{'viewport': 'width=device-width, initial-scale=1, maximum-scale=1'}]","[{'src': 'https://encrypted-tbn0.gstatic.com/images?q=tbn:ANd9GcRNk19aB5uaq2AqZTOy84gytukdFRySu_Tnmx5eaWSTogXvkVozywa3vA&s', 'width': '122', 'height': '108'}]",[{'src': 'https://vnembassy-vientiane.mofa.gov.vn/_layouts/15/images/searchresultui.png?rev=23'}]
7,customsearch#result,"Thông điệp hưởng ứng Ngày Thế giới phòng, chống mua bán ...","Thông điệp hưởng ứng Ngày Thế giới phòng, chống mua bán ...","https://vnembassy-beijing.mofa.gov.vn/vi-vn/News/EmbassyNews/Trang/Th%C3%B4ng-%C4%91i%E1%BB%87p-h%C6%B0%E1%BB%9Fng-%E1%BB%A9ng-Ng%C3%A0y-Th%E1%BA%BF-gi%E1%BB%9Bi-ph%C3%B2ng,-ch%E1%BB%91ng-mua-b%C3%A1n-ng%C6%B0%E1%BB%9Di-v%C3%A0-Ng%C3%A0y-To%C3%A0n-d%C3%A2n-ph%C3%B2ng,-ch%E1%BB%91ng-mua-b%C3%A1n-ng%C6%B0%E1%BB%9Di-.aspx",vnembassy-beijing.mofa.gov.vn,"Jul 30, 2023 ... ... tuyển dụng, phỏng vấn rõ ràng. Người làm việc thường được hướng dẫn ... Thông báo 42 Tòa án nhân dân Tỉnh Kiên Giang(05/06/2024) · Thông ...","Jul 30, 2023 <b>...</b> ... <b>tuyển dụng</b>, phỏng vấn rõ ràng. Người làm việc thường được hướng dẫn ... Thông báo 42 Tòa án nhân dân Tỉnh Kiên Giang(05/06/<b>2024</b>) &middot; Thông&nbsp;...",https://vnembassy-beijing.mofa.gov.vn/.../Thông-điệp-hưởng-ứng-Ngày-T...,https://vnembassy-beijing.mofa.gov.vn/.../Thông-điệp-hưởng-ứng-Ngày-T...,"[{'viewport': 'width=device-width, initial-scale=1, maximum-scale=1'}]","[{'src': 'https://encrypted-tbn0.gstatic.com/images?q=tbn:ANd9GcSQy7EC8VbVLY14rhAEsIOBz8n-sbnwv9PaHDHVsWK3_rikrDIJpbPf&s=0', 'width': '89', 'height': '79'}]",[{'src': 'https://vnembassy-beijing.mofa.gov.vn/_layouts/15/images/searchresultui.png?rev=23'}]
8,customsearch#result,"Tỉnh Fukuoka hỗ trợ, tạo việc làm khẩn cấp cho lao động bị mất việc ...","Tỉnh Fukuoka hỗ trợ, tạo việc làm khẩn cấp cho lao động bị mất việc ...","https://vnconsulate-fukuoka.mofa.gov.vn/vi-vn/News/ConsulateNews/Trang/T%E1%BB%89nh-Fukuoka-h%E1%BB%97-tr%E1%BB%A3,-t%E1%BA%A1o-vi%E1%BB%87c-l%C3%A0m-kh%E1%BA%A9n-c%E1%BA%A5p-cho-lao-%C4%91%E1%BB%99ng-b%E1%BB%8B-m%E1%BA%A5t-vi%E1%BB%87c-l%C3%A0m-do-%E1%BA%A3nh-h%C6%B0%E1%BB%9Fng-c%E1%BB%A7a-d%E1%BB%8Bch-Covid-19.aspx",vnconsulate-fukuoka.mofa.gov.vn,Tỉnh cũng có chính sách hỗ trợ tài chính cho chính quyền địa phương trong tỉnh để tuyển dụng nhân viên làm việc tạm thời theo Chương trình nói trên. Thông ...,Tỉnh cũng có chính sách hỗ trợ tài chính cho chính quyền địa phương trong tỉnh để <b>tuyển dụng</b> nhân viên làm việc tạm thời theo Chương trình nói trên. Thông&nbsp;...,"https://vnconsulate-fukuoka.mofa.gov.vn/.../Tỉnh-Fukuoka-hỗ-trợ,-tạo-việc...","https://vnconsulate-fukuoka.mofa.gov.vn/.../Tỉnh-Fukuoka-hỗ-trợ,-tạo-việc...","[{'viewport': 'width=device-width, initial-scale=1, maximum-scale=1'}]","[{'src': 'https://encrypted-tbn0.gstatic.com/images?q=tbn:ANd9GcTemFYHHRMsjXsZODu1rnwXlFyNqLPWqyTDsgR5RNutML4_NfF2Hj6Vpg&s', 'width': '122', 'height': '108'}]",[{'src': 'https://vnconsulate-fukuoka.mofa.gov.vn/_layouts/15/images/searchresultui.png?rev=23'}]
9,customsearch#result,ĐÔI NÉT VỀ TÌNH HÌNH LAO ĐỘNG VIỆT NAM TẠI THỊ TRƯỜNG ...,ĐÔI NÉT VỀ TÌNH HÌNH LAO ĐỘNG VIỆT NAM TẠI THỊ TRƯỜNG ...,https://vnembassy-bucharest.mofa.gov.vn/vi-vn/News/EmbassyNews/Trang/%C4%90%C3%94I-N%C3%89T-V%E1%BB%80-T%C3%8CNH-H%C3%8CNH-LAO-%C4%90%E1%BB%98NG-VI%E1%BB%86T-NAM-T%E1%BA%A0I-TH%E1%BB%8A-TR%C6%AF%E1%BB%9CNG-RUMANI.aspx,vnembassy-bucharest.mofa.gov.vn,Các ngành nghề doanh nghiệp Rumani khó tuyển dụng hiện nay gồm kỹ sư cơ khí ... 2024 tại Rumani(29/01/2024) · GIỚI THIỆU ẨM THỰC VIỆT NAM ĐẾN NGOẠI GIAO ...,Các ngành nghề doanh nghiệp Rumani khó <b>tuyển dụng</b> hiện nay gồm kỹ sư cơ khí ... <b>2024</b> tại Rumani(29/01/<b>2024</b>) &middot; GIỚI THIỆU ẨM THỰC VIỆT NAM ĐẾN NGOẠI GIAO&nbsp;...,https://vnembassy-bucharest.mofa.gov.vn/.../ĐÔI-NÉT-VỀ-TÌNH-HÌNH-L...,https://vnembassy-bucharest.mofa.gov.vn/.../ĐÔI-NÉT-VỀ-TÌNH-HÌNH-L...,"[{'viewport': 'width=device-width, initial-scale=1, maximum-scale=1'}]","[{'src': 'https://encrypted-tbn0.gstatic.com/images?q=tbn:ANd9GcQe36WljXbQOWUyAgw34B5jU8GEqU85XwSPw0QuTG11jUBPVo6DEX1NVag&s', 'width': '298', 'height': '169'}]",[{'src': 'https://vnembassy-bucharest.mofa.gov.vn/vi-vn/News/EmbassyNews/PublishingImages/Trang/%C4%90%C3%94I-N%C3%89T-V%E1%BB%80-T%C3%8CNH-H%C3%8CNH-LAO-%C4%90%E1%BB%98NG-VI%E1%BB%86T-NAM-T%E1%BA%A0I-TH%E1%BB%8A-TR%C6%AF%E1%BB%9CNG-RUMANI/workers.jpg'}]
