kind,title,htmlTitle,link,displayLink,formattedUrl,htmlFormattedUrl,snippet,htmlSnippet,pagemap.cse_thumbnail,pagemap.cse_image
customsearch#result,https://www.gdt.gov.vn/wps/portal/!ut/p/z1/tVNNc4I...,https://www.gdt.gov.vn/wps/portal/!ut/p/z1/tVNNc4I...,https://www.gdt.gov.vn/wps/portal/!ut/p/z1/tVNNc4IwEP0r7YEjZAkQoTfUjt-2TusHuTiA4aMtASFi7a9vtD11qrbjmMtmJ2_fvk1eEEULRLlfp7Ev0pz7bzL3KFm2JoPWbDADsKePbeiNRo3ZtNcGeG6gGaKIhlwUIkFevBI3Yc4F40KByl_K_BA521aHjUhyHgd-rgAGbCoQhdgB4mOVhQ5RTWJh1QksploEIoKNAFu6s29QhOkKeX9Cz88ppvIYjiwXZD09QFodt2s2hpLB7AD0zObDuNua6NAzvgEnODypoXFUQ99E8zplWzTleZnJS37654jdsx3IhR1O0ncGcF16fCF9_-sBj1tAujp9Wa-pK627t-u7QIvreFdKSYNM24aZBppjY-kPgxDLIbpl6HsdLg8MO0a0ZBErWaltSvnpEiGK6k4BBcRmx7iUFYfJJtRqrsBvRUleyQl-YlGRZbaxU1-j0b1hev36ozlW92EYjYTlubefzLt_6Q!!/dz/d5/L2dBISEvZ0FBIS9nQSEh/,www.gdt.gov.vn,https://www.gdt.gov.vn/wps/.../L2dBISEvZ0FBIS9nQSEh/,https://www.gdt.gov.vn/wps/.../L2dBISEvZ0FBIS9nQSEh/,,,,
customsearch#result,Bộ Tài Chính - Chi tiết tin - Tổng Cục Thuế,Bộ Tài Chính - Chi tiết tin - Tổng Cục Thuế,https://www.gdt.gov.vn/wps/portal/!ut/p/z0/jY6xTsMwEIZfBQaPli-OHScjape2qgQSjYqXyL4YOyWyqeoAj0_S7Ijl7v9-nXQf0-zMdDRfgzd5SNGMM7_pqtu8HDbtoQWoT89b2B2Pqj3ttgCviu2Z9mOy6-lwuV71E9OYYnY_mZ19nx_uEDOBm-lmJoCYc0ACywzh3i-xwwlzmByBMEVPoIBG9aV1VApjqADgtFF1RdGUCmUvQDi7vP_b799W847u-7bqhBS9NYkAB84XFboGgdZB-d5TVxeWCsSKGgmC2qKWglsUjZDs80NbOfrHX5QnXKs!/,www.gdt.gov.vn,https://www.gdt.gov.vn/.../jY6xTsMwEIZfBQaPli-OHScjape2qgQSjYqXyL...,https://www.gdt.gov.vn/.../jY6xTsMwEIZfBQaPli-OHScjape2qgQSjYqXyL...,Thông báo tuyển dụng công chức Tổng cục Thuế năm 2022. Ngày 21/10/2022. Căn cứ Quyết định số 1718 ...,Thông báo <b>tuyển dụng</b> công chức Tổng cục Thuế năm 2022. Ngày 21/10/2022. Căn cứ Quyết định số 1718&nbsp;...,,
customsearch#result,Bộ Tài Chính - Chi tiết tin - Tổng Cục Thuế,Bộ Tài Chính - Chi tiết tin - Tổng Cục Thuế,https://gdt.gov.vn/wps/portal/?1dmy&page=6_CQKCVKV008UPD0IMM7VUID00T7&urile=wcm%3Apath%3A%2Fgdt%2Bcontent%2Fsa_gdt%2Fsa_news%2Fsa_thongbao%2F2024%2F90e868b7-ea56-40ff-af05-89f9611566b8,gdt.gov.vn,https://gdt.gov.vn/.../portal/?...thongbao%2F2024%2F90e868b7...,https://gdt.gov.vn/.../portal/?...thongbao%2F<b>2024</b>%2F90e868b7...,"Triển khai tổ chức kỳ thi tuyển dụng công chức Tổng cục Thuế năm 2024, Hội đồng tuyển dụng công chức Tổng cục Thuế năm 2024 thông báo thời gian tổ chức kỳ thi ...","Triển khai tổ chức kỳ thi <b>tuyển dụng</b> công chức Tổng cục Thuế năm <b>2024</b>, Hội đồng <b>tuyển dụng</b> công chức Tổng cục Thuế năm <b>2024</b> thông báo thời gian tổ chức kỳ thi&nbsp;...",,
customsearch#result,Bộ Tài Chính - Chi tiết bài viết - Website Cục Thuế - Tổng Cục Thuế,Bộ Tài Chính - Chi tiết bài viết - Website Cục Thuế - Tổng Cục Thuế,https://vinhphuc.gdt.gov.vn/wps/portal/news/detail?1dmy&current=true&urile=wcm:path:/vinhphuc/site/news/cucthue/2023/c0a55482-9a2b-479c-ae0b-ef930d32dff2,vinhphuc.gdt.gov.vn,https://vinhphuc.gdt.gov.vn/wps/portal/news/detail?1dmy...,https://vinhphuc.gdt.gov.vn/wps/portal/news/detail?1dmy...,"May 16, 2024 ... ... 2024 (02/05/2024); Thông báo tuyển dụng công chức Tổng cục Thuế năm 2024 vào Cục Thuế tỉnh Vĩnh Phúc (02/05/2024); Thông báo về thời giờ làm ...","May 16, 2024 <b>...</b> ... <b>2024</b> (02/05/<b>2024</b>); Thông báo <b>tuyển dụng</b> công chức Tổng cục Thuế năm <b>2024</b> vào Cục Thuế tỉnh Vĩnh Phúc (02/05/<b>2024</b>); Thông báo về thời giờ làm&nbsp;...",,
customsearch#result,Bộ Tài Chính - Trang chủ - Tổng Cục Thuế,Bộ Tài Chính - Trang chủ - Tổng Cục Thuế,https://gdt.gov.vn/wps/portal/!ut/p/z0/04_Sj9Q1NDA1szA0MjM30o_Qj8pLLMtMTyzJzM9LzAHyI6PM4p3dHT1MzH0MDAxCLE0NPE2cTIIsnV0M3J2N9XOjHBUBFzhDuw!!/,gdt.gov.vn,https://gdt.gov.vn/.../04_Sj9Q1NDA1szA0MjM30o_Qj8pLLMtMTyzJzM9...,https://gdt.gov.vn/.../04_Sj9Q1NDA1szA0MjM30o_Qj8pLLMtMTyzJzM9...,"Sáng ngày 21/5, Hội đồng tuyển dụng công chức Tổng cục Thuế tổ chức tiếp nhận hồ sơ dự tuyển vào cơ quan Tổng cục Thuế năm 2024. Thời gian tiếp nhận hồ sơ trực ...","Sáng ngày 21/5, Hội đồng <b>tuyển dụng</b> công chức Tổng cục Thuế tổ chức tiếp nhận hồ sơ dự tuyển vào cơ quan Tổng cục Thuế năm <b>2024</b>. Thời gian tiếp nhận hồ sơ trực&nbsp;...",,
customsearch#result,Bộ Tài Chính - Danh sách tin - Tổng Cục Thuế,Bộ Tài Chính - Danh sách tin - Tổng Cục Thuế,https://gdt.gov.vn/wps/portal/home/news/list?1dmy&current=true&urile=wcm:path:/GDT%20Content/sa_gdt/sa_news/sa_thongbao,gdt.gov.vn,https://gdt.gov.vn/wps/portal/home/news/list?1dmy&current...,https://gdt.gov.vn/wps/portal/home/news/list?1dmy&amp;current...,"Thông báo danh sách ca thi, phòng thi (Vòng 1) của thí sinh tham dự kỳ thi tuyển dụng công chức Tổng cục Thuế năm 2024 - Khu vực miền Trung (11/07/2024).","Thông báo danh sách ca thi, phòng thi (Vòng 1) của thí sinh tham dự kỳ thi <b>tuyển dụng</b> công chức Tổng cục Thuế năm <b>2024</b> - Khu vực miền Trung (11/07/<b>2024</b>).",,
customsearch#result,Bộ Tài Chính - Danh sách tin - Website Cục Thuế - Tổng Cục Thuế,Bộ Tài Chính - Danh sách tin - Website Cục Thuế - Tổng Cục Thuế,https://caobang.gdt.gov.vn/wps/portal/news/list?1dmy&current=true&urile=wcm:path:/caobang/site/news/annocement/eb933f8e-6ec4-410d-b6a2-5700f063e1dc,caobang.gdt.gov.vn,https://caobang.gdt.gov.vn/wps/portal/news/list?1dmy...true...,https://caobang.gdt.gov.vn/wps/portal/news/list?1dmy...true...,... tuyển dụng công chức năm 2024 của Tổng cục Thuế (02/05/2024). Thông báo thi tuyển dụng công chức Tổng cục Thuế năm 2024 (28/04/2024). Thông báo số 349/TB ...,... <b>tuyển dụng</b> công chức năm <b>2024</b> của Tổng cục Thuế (02/05/<b>2024</b>). Thông báo thi <b>tuyển dụng</b> công chức Tổng cục Thuế năm <b>2024</b> (28/04/<b>2024</b>). Thông báo số 349/TB&nbsp;...,,
customsearch#result,Bộ Tài Chính - Hướng dẫn trả thông báo 2 bước ... - Tổng Cục Thuế,Bộ Tài Chính - Hướng dẫn trả thông báo 2 bước ... - Tổng Cục Thuế,https://gdt.gov.vn/wps/portal/home/ttb,gdt.gov.vn,https://gdt.gov.vn/wps/portal/home/ttb,https://gdt.gov.vn/wps/portal/home/ttb,Thông báo · Thông báo thí sinh đủ điều kiện tham dự kỳ thi tuyển dụng công chức Tổng cục Thuế năm 2024 vào vị trí Chuyên viên về quản lý hoạt động đầu tư xây ...,Thông báo &middot; Thông báo thí sinh đủ điều kiện tham dự kỳ thi <b>tuyển dụng</b> công chức Tổng cục Thuế năm <b>2024</b> vào vị trí Chuyên viên về quản lý hoạt động đầu tư xây&nbsp;...,,
customsearch#result,Bộ Tài Chính - Chi tiết tìm kiếm - Tổng Cục Thuế,Bộ Tài Chính - Chi tiết tìm kiếm - Tổng Cục Thuế,https://www.gdt.gov.vn/wps/portal/home/search/detail?WCM_GLOBAL_CONTEXT=/wps/wcm/connect/Web+Content/sa_gdt/sa_news/sa_news_tax/2011-10/6ae97ca4-6423-4eae-9d77-be1f2d4deb57,www.gdt.gov.vn,https://www.gdt.gov.vn/wps/portal/home/.../detail?WCM...,https://www.gdt.gov.vn/wps/portal/home/.../detail?WCM...,Thông báo thời gian tổ chức kỳ thi tuyển công chức Tổng cục Thuế năm 2024 - Khu vực miền Trung (30/06/2024); Thông báo phòng thi Vòng 2 kỳ thi tuyển dụng ...,Thông báo thời gian tổ chức kỳ thi tuyển công chức Tổng cục Thuế năm <b>2024</b> - Khu vực miền Trung (30/06/<b>2024</b>); Thông báo phòng thi Vòng 2 kỳ thi <b>tuyển dụng</b>&nbsp;...,,
customsearch#result,thông báo về việc khai trực tuyến hồ sơ dự thi tuyển dụng công chức ...,thông báo về việc khai trực tuyến hồ sơ dự thi <b>tuyển dụng</b> công chức ...,https://gdt.gov.vn/wps/portal/!ut/p/z0/nY7LCsIwFER_RRddhtxbm8YsFV8tRbGiaDaSaI3VklgM6udb68a1q5kDw2GopFsqrXqURvnSWVU1vJPxHiKRZP3NapGz3gSS9XwmFssMYRTRlMrfwXCc8GYwzfMkzTAU-DGUl7qWAyoPzvri5enWHH2nBesDuKt9w23a4nlviz87a7RyH72pnP4--d8TAAIJIYQANOeIuseIiPmJRByQCOjHpBCh1ifGEAtOb1epWWW6b1dvkag!/p0/IZ7_049IL8VSOR53F0IUNH9OQL10D5=CZ6_049IL8VSOR53F0IUNH9OQL10D4=MECTX!QCPgdtQCAcontentQCPsa_gdtQCPsa_newsQCPsa_thongbaoQCP10-2020QCP3b889730-2e78-475a-b89b-08164c7f3577==/,gdt.gov.vn,https://gdt.gov.vn/.../IZ7_049IL8VSOR53F0IUNH9OQL10D5=CZ6_049I...,https://gdt.gov.vn/.../IZ7_049IL8VSOR53F0IUNH9OQL10D5=CZ6_049I...,Tổng cục Thuế đề nghị các thí sinh truy cập theo đường dẫn vào ứng dụng như sau: https://dangkydutuyen.gdt.gov.vn và thực hiện việc khai phiếu đăng ký dự tuyển ...,Tổng cục Thuế đề nghị các thí sinh truy cập theo đường dẫn vào ứng <b>dụng</b> như sau: https://dangkydutuyen.gdt.gov.vn và thực hiện việc khai phiếu đăng ký dự <b>tuyển</b>&nbsp;...,,
customsearch#result,Bộ Tài Chính - Giao lưu trực tuyến - Tổng Cục Thuế,Bộ Tài Chính - Giao lưu trực tuyến - Tổng Cục Thuế,https://gdt.gov.vn/wps/portal/home/gltt,gdt.gov.vn,https://gdt.gov.vn/wps/portal/home/gltt,https://gdt.gov.vn/wps/portal/home/gltt,"Thông báo · Thông báo thi tuyển dụng công chức Tổng cục Thuế năm 2024 (26/04/2024) · Tổng cục Thuế thông báo ""Danh sách thí sinh dự thi kỳ thi cấp chứng chỉ hành ...",Thông báo &middot; Thông báo thi <b>tuyển dụng</b> công chức Tổng cục Thuế năm <b>2024</b> (26/04/<b>2024</b>) &middot; Tổng cục Thuế thông báo &quot;Danh sách thí sinh dự thi kỳ thi cấp chứng chỉ hành&nbsp;...,,
customsearch#result,Bộ Tài Chính - Gửi góp ý - Tổng Cục Thuế,Bộ Tài Chính - Gửi góp ý - Tổng Cục Thuế,https://gdt.gov.vn/wps/portal/!ut/p/z1/jVHLboMwEPyV5sDR8hqMDUdKqoQmtEEqKfUFGUMIVQKN4j6_PiaoPVQqzR68M_asPd7FAmdYtPKtqaVuulbuDH8SLA-TRbherAG8dDWFKI75Oo2mAA8cPw6CWTCnfGkEdAYQ0ev7u3mYEIgcLC6phz8igMvqRwRi_PpbLOpdVwxfbZ4PBxFgobpWVx8aZ3Wpr86k1RYcZW64BUppvVUW9Ot2e97vYa67tlav5oC6G8Z95iDuEY6opDbyiSuRA4SrylelrIr-4XHjF_sxua3ejz8gr4yk239aYINNLCAEDcBhNieE-cgtVYVo4VDjy1OIF1AStXFc7oNpqPjlbHVjBhknnDFObC9yvwUjM_-v6y_7NM2-lptY-1ETTCYnVPTyyA!!/dz/d5/L2dJQSEvUUt3QS80TmxFL1o2XzA0OUlMOFZTT0I2S0UwSVVBRTI5UEgzR0oz/,gdt.gov.vn,https://gdt.gov.vn/.../L2dJQSEvUUt3QS80TmxFL1o2XzA0OUlMOFZTT0...,https://gdt.gov.vn/.../L2dJQSEvUUt3QS80TmxFL1o2XzA0OUlMOFZTT0...,Thông báo kết quả thi trên máy (Vòng 1) và thí sinh đủ điều kiện dự thi Vòng 2 kỳ thi tuyển dụng công chức Tổng cục Thuế năm 2024 - khu vực miền Nam (27/07/2024) ...,Thông báo kết quả thi trên máy (Vòng 1) và thí sinh đủ điều kiện dự thi Vòng 2 kỳ thi <b>tuyển dụng</b> công chức Tổng cục Thuế năm <b>2024</b> - khu vực miền Nam (27/07/<b>2024</b>)&nbsp;...,,
customsearch#result,Bộ Tài Chính - Chi tiết thủ tục hành chính - Tổng Cục Thuế,Bộ Tài Chính - Chi tiết thủ tục hành chính - Tổng Cục Thuế,https://www.gdt.gov.vn/wps/portal/!ut/p/z0/JYq7DoJAEEV_xYZyMxOeUhIKH8RECwhsQ4bhsatkkbgaP1_A5uackwsSSpCGPnogqydD4-KVDOv0lqVFViAejnGEp0seXHM3wQRdOIMcxqn5X_V9nmUCkidju6-FcmjtbhNjHXxRvbiDzNYqdnBdpba-Ys1K83vpUdv1TMyiaYmE38ehiAPPE33jdUjIjR_u4fmQ1Q-mTw9b/,www.gdt.gov.vn,https://www.gdt.gov.vn/.../JYq7DoJAEEV_xYZyMxOeUhIKH8RECwhsQ4...,https://www.gdt.gov.vn/.../JYq7DoJAEEV_xYZyMxOeUhIKH8RECwhsQ4...,Thông báo · Thông báo tuyển dụng công chức theo Nghị định số 140/2017/NĐ-CP ngày 05/12/2017 của Chính phủ năm 2024 (19/03/2024) · Thông báo kế hoạch tuyển dụng ...,Thông báo &middot; Thông báo <b>tuyển dụng</b> công chức theo Nghị định số 140/2017/NĐ-CP ngày 05/12/2017 của Chính phủ năm <b>2024</b> (19/03/<b>2024</b>) &middot; Thông báo kế hoạch <b>tuyển dụng</b>&nbsp;...,,
customsearch#result,Thông báo kết quả điểm thi Vòng 2 của kỳ thi tuyển dụng công chức ...,Thông báo kết quả điểm thi Vòng 2 của kỳ thi <b>tuyển dụng</b> công chức ...,https://gdt.gov.vn/wps/portal/!ut/p/z0/Tcq9DoIwFIbhW3FhbM6hlJ-OiAlqnIyJ0IW08muwhViI3r0EFqfvfZIPBOQc0fUYowwyEFrOXSNtZ7TsF-ciKJI0PrLwgog37uOJ7dmVJwdMEw_OIJreqO3aPcdRxCAeRtvqYyFrSrtboa2Db1ksXneWWkn9l0Mrh3H6OrixsK3RjZ0cpEhdB2tecVkpSkJeu4QpjAj3Akr8gJVlxKlXRz68RHr_AX5bE2o!/?1dmy&page=6_CQKCVKV008UPD0IMM7VUID00T7&urile=wcm%3Apath%3A%2Fgdt%2Bcontent%2Fsa_gdt%2Fsa_news%2Fsa_thongbao%2F2023%2F2102ea84-b914-4f3a-9089-20424e8e99af,gdt.gov.vn,https://gdt.gov.vn/.../Tcq9DoIwFIbhW3FhbM6hlJ-OiAlqnIyJ0IW08muwh...,https://gdt.gov.vn/.../Tcq9DoIwFIbhW3FhbM6hlJ-OiAlqnIyJ0IW08muwh...,- Thời gian: Hội đồng tuyển dụng công chức Tổng cục Thuế năm 2023 nhận đơn phúc khảo trong thời hạn 15 ngày kể từ ngày 21/11/2023 đến hết ngày 05/12/2023 (mẫu ...,- Thời gian: Hội đồng <b>tuyển dụng</b> công chức Tổng cục Thuế năm 2023 nhận đơn phúc khảo trong thời hạn 15 ngày kể từ ngày 21/11/2023 đến hết ngày 05/12/2023 (mẫu&nbsp;...,,
customsearch#result,Bộ Tài Chính - Danh sách tin - Website Cục Thuế - Tổng Cục Thuế,Bộ Tài Chính - Danh sách tin - Website Cục Thuế - Tổng Cục Thuế,https://danang.gdt.gov.vn/wps/portal/!ut/p/z0/JcrdCsIgFADgp_FSji7RdtnuFtEvxeZNHJ0b1jo2JtXjF3T5wQcWGrCErzhgjolw_Lm1-ipUWW-Wl9PuaA5G1Od6X0lZSbUtYA12GJP713ibJrsC6xPl8MnQdEhIAxNzzIEJCu-ZCSRKPjwCZSZcrxZGaceLbqG5ktpz7ELJvdEu9LIUhUF43m37BTGJxdo!/p0/IZ7_049IL8VSOR7Q70IUIPB11B1K46=CZ6_049IL8VSOR7Q70IUIPB11B14N2=MKyE2GbQFB=GD=/,danang.gdt.gov.vn,https://danang.gdt.gov.vn/.../IZ7_049IL8VSOR7Q70IUIPB11B1K46=CZ6...,https://danang.gdt.gov.vn/.../IZ7_049IL8VSOR7Q70IUIPB11B1K46=CZ6...,... 2024 (09/01/2024). Thông báo kết quả thi và danh sách thí sinh trúng tuyển kỳ thi tuyển dụng công chức Tổng cục Thuế năm 2023 vào Cục Thuế thành phố Đà Nẵng ...,... <b>2024</b> (09/01/<b>2024</b>). Thông báo kết quả thi và danh sách thí sinh trúng tuyển kỳ thi <b>tuyển dụng</b> công chức Tổng cục Thuế năm 2023 vào Cục Thuế thành phố Đà Nẵng&nbsp;...,,
customsearch#result,Bộ Tài Chính - Chi tiết bài viết - Website Cục Thuế - Tổng Cục Thuế,Bộ Tài Chính - Chi tiết bài viết - Website Cục Thuế - Tổng Cục Thuế,https://danang.gdt.gov.vn/wps/portal/!ut/p/z0/JcrNCoJAEADgp_G4zLhr_hyNQpQkKCjdS8y6qxg6Ii7V4xd0_OADDa0IZZakqBRG0IBmeo0D-XFhmn5udfzAKCtP6e16rg77BMvjpc6TIpNYx1CBHqbF_Ov4XFedg-4W9u7jobHExEOA2-hdgOzeW4DEvHRuduwDjG1vCRUKS70RUZrtBKVKChXaLoqN7KWxMOvi_gXP6gMu/,danang.gdt.gov.vn,https://danang.gdt.gov.vn/.../JcrNCoJAEADgp_G4zLhr_hyNQpQkKCjdS8...,https://danang.gdt.gov.vn/.../JcrNCoJAEADgp_G4zLhr_hyNQpQkKCjdS8...,"Đà Nẵng (15/05/2024); Thông báo tuyển dụng công chức vào Cục Thuế TP Đà Nẵng năm 2024 (27/04/2024); Thông báo nghỉ lễ, treo cờ và khẩu hiệu nhân dịp Ngày ...","Đà Nẵng (15/05/<b>2024</b>); Thông báo <b>tuyển dụng</b> công chức vào Cục Thuế TP Đà Nẵng năm <b>2024</b> (27/04/<b>2024</b>); Thông báo nghỉ lễ, treo cờ và khẩu hiệu nhân dịp Ngày&nbsp;...",,
customsearch#result,Bộ Tài Chính - Danh sách cưỡng chế hóa đơn 1 - Tổng Cục Thuế,Bộ Tài Chính - Danh sách cưỡng chế hóa đơn 1 - Tổng Cục Thuế,https://gdt.gov.vn/wps/portal/home/qdcchd1/list?1dmy&current=true&urile=wcm:path:/TPHCM/site/sa-cmcchd,gdt.gov.vn,https://gdt.gov.vn/wps/portal/home/qdcchd1/list?1dmy&current...,https://gdt.gov.vn/wps/portal/home/qdcchd1/list?1dmy&amp;current...,"Ngày quyết định, Mã số thuế, Tên người nộp Thuế, Quyết định cưỡng chế, Thông báo hóa đơn tiếp tục có giá trị sử dụng. 21/05/2024, 0316413243 ...","Ngày quyết định, Mã số thuế, Tên người nộp Thuế, Quyết định cưỡng chế, Thông báo hóa đơn tiếp tục có giá trị sử <b>dụng</b>. 21/05/<b>2024</b>, 0316413243&nbsp;...",,
customsearch#result,Tổng Cục Thuế - Bộ Tài Chính - Chi tiết văn bản pháp quy,Tổng Cục Thuế - Bộ Tài Chính - Chi tiết văn bản pháp quy,https://binhduong.gdt.gov.vn/wps/portal?1dmy&mapping=documents/detail&urile=wcm%3Apath%3A/GDT%20Content/sa_gdt/sa_vanban/sa_vanbanphapquy/vanban_thongtu/2022/6cbba55c-0059-4a34-824c-cc3537d67942,binhduong.gdt.gov.vn,https://binhduong.gdt.gov.vn/wps/portal?1dmy.../detail...,https://binhduong.gdt.gov.vn/wps/portal?1dmy.../detail...,Thông báo · Thông báo tuyển dụng công chức Tổng cục Thuế năm 2024 tại Cục Thuế tỉnh Bình Dương (03/05/2024) · Tổng cục Thuế thông báo kế hoạch tuyển dụng công ...,Thông báo &middot; Thông báo <b>tuyển dụng</b> công chức Tổng cục Thuế năm <b>2024</b> tại Cục Thuế tỉnh Bình Dương (03/05/<b>2024</b>) &middot; Tổng cục Thuế thông báo kế hoạch <b>tuyển dụng</b> công&nbsp;...,,
customsearch#result,Bộ Tài Chính - Chi tiết bài viết - Website Cục Thuế - Tổng Cục Thuế,Bộ Tài Chính - Chi tiết bài viết - Website Cục Thuế - Tổng Cục Thuế,https://vinhphuc.gdt.gov.vn/wps/portal/?1dmy&page=Z6_049IL8VSOJDB70IERMA7G920M6&urile=wcm%3Apath%3A%2Fvinhphuc%2Fsite%2Fnews%2Fannocement%2F2023%2F4bbf0dec-6ef3-4157-9b0b-747fc8859664,vinhphuc.gdt.gov.vn,https://vinhphuc.gdt.gov.vn/wps/portal/?1dmy&page=Z6...urile...,https://vinhphuc.gdt.gov.vn/wps/portal/?1dmy&amp;page=Z6...urile...,Cục thuế tỉnh Vĩnh Phúc thông báo DS thí sinh trúng tuyển kỳ thi tuyển dụng công chức Tổng cục Thuế năm 2022. Ngày 22/04/2023. Tài liệu đính kèm :.,Cục thuế tỉnh Vĩnh Phúc thông báo DS thí sinh trúng tuyển kỳ thi <b>tuyển dụng</b> công chức Tổng cục Thuế năm 2022. Ngày 22/04/2023. Tài liệu đính kèm :.,,
customsearch#result,Bộ Tài Chính - Danh sách cưỡng chế hóa đơn 1 - Tổng Cục Thuế,Bộ Tài Chính - Danh sách cưỡng chế hóa đơn 1 - Tổng Cục Thuế,https://gdt.gov.vn/wps/portal/!ut/p/z0/04_Sj9CPykssy0xPLMnMz0vMAfIjo8ziDUwsPX0swoL9ndwsDQwcnc1cvINc_A0CAw30vfSj0nPykyBKM7MKC6Mc9aOS8_NKUitK9CNSEvMS89JVDYozS1KBZKJucm5yckaKfkF2VCQA_Thblg!!/p0/IZ7_049IL8VSOBF900AC6DKRDO0QQ1=CZ6_049IL8VSOBF900AC6DKRDO0QQ0=MEns_Z7_049IL8VSOBF900AC6DKRDO0QFBQFB1_WCM_Page.e5a46e61-3007-4f17-b04f-d448e6cffb0b!6=CTX!QCPdanangQCPsiteQCPsa-cmcchd=WCM_PI!1==/p0/IZ7_049IL8VSOBF900AC6DKRDO0QQ1=CZ6_049IL8VSOBF900AC6DKRDO0QQ0=MKJnXTVQFB=GB=/,gdt.gov.vn,https://gdt.gov.vn/.../IZ7_049IL8VSOBF900AC6DKRDO0QQ1=CZ6_049I...,https://gdt.gov.vn/.../IZ7_049IL8VSOBF900AC6DKRDO0QQ1=CZ6_049I...,... tuyển dụng công chức theo Nghị định số 140/2017/NĐ-CP năm 2024 (03/05/2024); Thông báo thi tuyển dụng công chức Tổng cục Thuế năm 2024 (26/04/2024); Tổng cục ...,... <b>tuyển dụng</b> công chức theo Nghị định số 140/2017/NĐ-CP năm <b>2024</b> (03/05/<b>2024</b>); Thông báo thi <b>tuyển dụng</b> công chức Tổng cục Thuế năm <b>2024</b> (26/04/<b>2024</b>); Tổng cục&nbsp;...,,
customsearch#result,Bộ Tài Chính - Site map - Tổng Cục Thuế,Bộ Tài Chính - Site map - Tổng Cục Thuế,https://gdt.gov.vn/wps/portal/!ut/p/z0/TYzLDoIwFAV_xQ3L5t4W2tqlrxB8RYwidmMqVMRoibFRP1_Ejaszk0wOaNjTUCgqFacIOWhnnnVlfN04c219r8VhlM5G2SxDjNOIYTKJp8PlekLFPIQp6P-gv12NMVksZLZNxogb-X2oL_e7HoAuGuft20Nelb7XifMBPsyh9W6dfT068OfGVUfTBMiQsQCRkx8oEZ7wVJQk4qUkkexbojjnxFqjCiULJjiDm453H_jRzoM!/,gdt.gov.vn,https://gdt.gov.vn/.../TYzLDoIwFAV_xQ3L5t4W2tqlrxB8RYwidmMqVM...,https://gdt.gov.vn/.../TYzLDoIwFAV_xQ3L5t4W2tqlrxB8RYwidmMqVM...,Thông báo kết quả thi trên máy (Vòng 1) và thí sinh đủ điều kiện dự thi Vòng 2 kỳ thi tuyển dụng công chức Tổng cục Thuế năm 2024 - khu vực miền Nam (27/07/2024) ...,Thông báo kết quả thi trên máy (Vòng 1) và thí sinh đủ điều kiện dự thi Vòng 2 kỳ thi <b>tuyển dụng</b> công chức Tổng cục Thuế năm <b>2024</b> - khu vực miền Nam (27/07/<b>2024</b>)&nbsp;...,,
customsearch#result,Bộ Tài Chính - Danh sách cưỡng chế hóa đơn 1 - Tổng Cục Thuế,Bộ Tài Chính - Danh sách cưỡng chế hóa đơn 1 - Tổng Cục Thuế,https://gdt.gov.vn/wps/portal/!ut/p/z0/04_Sj9CPykssy0xPLMnMz0vMAfIjo8ziDUwsPX0swoL9ndwsDQwcnc1cvINc_A0CAw30vfSj0nPykyBKM7MKC6Mc9aOS8_NKUitK9CNS8vPS8xIzVQ2KM0tSgWSibnJucnJGin5BdlQkAB2ZCF0!/p0/IZ7_049IL8VSOBF900AC6DKRDO0QQ1=CZ6_049IL8VSOBF900AC6DKRDO0QQ0=MKjyYNNA=GC=/,gdt.gov.vn,https://gdt.gov.vn/.../IZ7_049IL8VSOBF900AC6DKRDO0QQ1=CZ6_049I...,https://gdt.gov.vn/.../IZ7_049IL8VSOBF900AC6DKRDO0QQ1=CZ6_049I...,"Ngày quyết định, Mã số thuế, Tên người nộp Thuế, Quyết định cưỡng chế, Thông báo hóa đơn tiếp tục có giá trị sử dụng. 14/03/2024, 3602394050 ...","Ngày quyết định, Mã số thuế, Tên người nộp Thuế, Quyết định cưỡng chế, Thông báo hóa đơn tiếp tục có giá trị sử <b>dụng</b>. 14/03/<b>2024</b>, 3602394050&nbsp;...",,
customsearch#result,Website Cục Thuế - Tổng Cục Thuế - Bộ Tài Chính - Chi tiết bài viết,Website Cục Thuế - Tổng Cục Thuế - Bộ Tài Chính - Chi tiết bài viết,https://dongnai.gdt.gov.vn/wps/portal/!ut/p/z1/tVPLbsIwEPyVXjhatrHj2MdUghIEVAjxiC_IOM6jEAdaQ0u_vgmolyKIKoQvq7U8M7uzayjhAkqrDnmqXF5atanySLIloiIc8Nnklcx6XRTiYPgyCEYk7LTh_M8D0eUo7JDR2O_128hDUN7Aj9kv_soJGvEzKKHU1m1dBqM0dk-6tM5Y10Ifalnlp6iz_dHYYq-zUsWlPd1l-9KmsbLrTOkW4glmCfYSsDKcAYoFBdxDGCDtxUYbgrFgtdJW5zGMaOIniJEYaCoEoIoYsGLYANMmXCiBE2PohTMX1snbjc9rvQZvmziiqgb_ag2iGt8hN59wasv3opr25J8t9poUPHanQgO991h6_076PpTpplyd_1H-ttvJoFrWekG_HFw8eFu3xXRacHIE62TYITTqH76fR6AOg-AHfzjKRQ!!/dz/d5/L2dBISEvZ0FBIS9nQSEh/?1dmy&page=6_049IL8VSOJDB70IERMA7G920M6&urile=wcm%3Apath%3A%2Fdongnai%2Fsite%2Fnews%2Fannocement%2F47b7edb5-6902-4c5d-8dab-d71194cc1a90,dongnai.gdt.gov.vn,https://dongnai.gdt.gov.vn/.../L2dBISEvZ0FBIS9nQSEh/?...,https://dongnai.gdt.gov.vn/.../L2dBISEvZ0FBIS9nQSEh/?...,Thông báo · Thông báo thi tuyển dụng công chức Tổng cục Thuế năm 2024 (04/05/2024) · Thông báo danh sách thí sinh đủ điều kiện dự thi Vòng 2 và triệu tập thí sinh ...,Thông báo &middot; Thông báo thi <b>tuyển dụng</b> công chức Tổng cục Thuế năm <b>2024</b> (04/05/<b>2024</b>) &middot; Thông báo danh sách thí sinh đủ điều kiện dự thi Vòng 2 và triệu tập thí sinh&nbsp;...,,
customsearch#result,Bộ Tài Chính - Trang chủ - Website Cục Thuế - Tổng Cục Thuế,Bộ Tài Chính - Trang chủ - Website Cục Thuế - Tổng Cục Thuế,https://caobang.gdt.gov.vn/wps/portal/home/documents/detail?1dmy&current=true&urile=wcm:path:GDT%20Content/sa_gdt/cctthc/tthchh/sa_tthc_vanban/sa_tthc_vb_qdcb/49357729-bdd9-46d5-abae-0978574967ce,caobang.gdt.gov.vn,https://caobang.gdt.gov.vn/wps/portal/home/.../detail?...,https://caobang.gdt.gov.vn/wps/portal/home/.../detail?...,"Thông báo thi tuyển dụng công chức Tổng cục Thuế năm 2024 (28/04/2024) · Hội nghị trực tuyến nhiệm vụ công tác thuế 3 tháng đầu năm, triển khai nhiệm vụ công tác ...","Thông báo thi <b>tuyển dụng</b> công chức Tổng cục Thuế năm <b>2024</b> (28/04/<b>2024</b>) &middot; Hội nghị trực tuyến nhiệm vụ công tác thuế 3 tháng đầu năm, triển khai nhiệm vụ công tác&nbsp;...",,
customsearch#result,Bộ Tài Chính - Danh sách cưỡng chế hóa đơn 1 - Tổng Cục Thuế,Bộ Tài Chính - Danh sách cưỡng chế hóa đơn 1 - Tổng Cục Thuế,https://gdt.gov.vn/wps/portal/home/qdcchd1/list?1dmy&current=true&urile=wcm:path:/binhphuoc/site/sa-cmcchd,gdt.gov.vn,https://gdt.gov.vn/wps/portal/home/qdcchd1/list?1dmy&current...,https://gdt.gov.vn/wps/portal/home/qdcchd1/list?1dmy&amp;current...,Thông báo · Thông báo tuyển dụng công chức theo Nghị định số 140/2017/NĐ-CP ngày 05/12/2017 của Chính phủ năm 2024 (19/03/2024) · Thông báo kế hoạch tuyển dụng ...,Thông báo &middot; Thông báo <b>tuyển dụng</b> công chức theo Nghị định số 140/2017/NĐ-CP ngày 05/12/2017 của Chính phủ năm <b>2024</b> (19/03/<b>2024</b>) &middot; Thông báo kế hoạch <b>tuyển dụng</b>&nbsp;...,,
customsearch#result,Hội đồng tuyển dụng công chức Tổng cục Thuế năm 2022 thông ...,Hội đồng <b>tuyển dụng</b> công chức Tổng cục Thuế năm 2022 thông ...,https://gdt.gov.vn/wps/portal/!ut/p/z1/pZLLboMwFES_JYsukS9vWBLSBtq0iKSE4E1kDBi3vNJaSfP3JX0sgVbxwpKluXNG14Mw2iHckCNnRPC2IVX_TrCxB832V9Z2E8zvbADHNRYP60UAYQgo_hK4S8fTzBWApS0BfG0ePHluKIOvIvyXeRg4DkzNbxFGmDaiEyVKUkIZJw27gXcu8v4mEq0pLbOLqKM86yVKriiyDJKhgCppNCskOyWqZOlFRgtiZoWu_4YapuLxzPGFN-Lgaj-Csb1NQZI-pDkcUkbxkecnFDXtW93_5OafO_AmCeaVhHF7w7jS_h5hVrXpd4n5y-GAnb4pbSPyD4F2w1Xp6iiqLfUsva6t03NRsnr_eKvqFXNms0-OhlFa/dz/d5/L2dBISEvZ0FBIS9nQSEh/p0/IZ7_049IL8VSOBF900AC6DKRDO0QQ1=CZ6_049IL8VSOBF900AC6DKRDO0QQ0=MKD8EZWQFB=GC=/?1dmy&page=Z6_CQKCVKV008UPD0IMM7VUID00T7&urile=wcm%3Apath%3A%2Fgdt%2Bcontent%2Fsa_gdt%2Fsa_news%2Fsa_thongbao%2F2023%2Feee8eaf7-3c72-489e-aef3-a9229865fce4,gdt.gov.vn,https://gdt.gov.vn/.../IZ7_049IL8VSOBF900AC6DKRDO0QQ1=CZ6_049I...,https://gdt.gov.vn/.../IZ7_049IL8VSOBF900AC6DKRDO0QQ1=CZ6_049I...,1. Thời gian tổ chức Vòng 1: Từ ngày 07/02/2023 đến ngày 08/02/2023.,1. Thời gian tổ chức Vòng 1: Từ ngày 07/02/2023 đến ngày 08/02/2023.,,
customsearch#result,Bộ Tài Chính - Danh sách cưỡng chế hóa đơn 1 - Tổng Cục Thuế,Bộ Tài Chính - Danh sách cưỡng chế hóa đơn 1 - Tổng Cục Thuế,https://gdt.gov.vn/wps/portal/!ut/p/z1/pZLNcoIwFIWfxUWXzL2SgGGJ2KqtraNWkWycGBDSSsA2o_Xti_1ZAu2YRWYyc-75ztwc4LAGrsVRpcKoQot99Y64u0HqjSdstZj27zxEP3AHD_PBFGczhPBLEAz9Ee1NEBkdIo5pf_o0CmZdHBPgf5nHmuNj2_wKOHCpTWkyiDKhC3WD78ok1S0smUuZxRdFKVUMERPStjHZWbHrMYvaHrE8QqRlC5LsKHadLXN-E9UjeXPg8MJrcAjoj6BpaW2QqArZqw_ZhfCokhMsdfGWV9-4-OcORq2E3pWEZnvXvdL-Hni6L7bfDVYvhwP3q5oU2iQfBtY1PSnz5TJn5Gy9ztnpeZel-ebxljj71O90PgFyrJY5/dz/d5/L2dBISEvZ0FBIS9nQSEh/p0/IZ7_049IL8VSOBF900AC6DKRDO0QQ1=CZ6_049IL8VSOBF900AC6DKRDO0QQ0=MKgMoPqQFB=GC=/p0/IZ7_049IL8VSOBF900AC6DKRDO0QQ1=CZ6_049IL8VSOBF900AC6DKRDO0QQ0=MEns_Z7_049IL8VSOBF900AC6DKRDO0QFBQFB1_WCM_Page.e5a46e61-3007-4f17-b04f-d448e6cffb0b!6=CTX!QCPhanoiQCPsiteQCPsa-cmcchd=WCM_PI!1==/,gdt.gov.vn,https://gdt.gov.vn/.../IZ7_049IL8VSOBF900AC6DKRDO0QQ1=CZ6_049I...,https://gdt.gov.vn/.../IZ7_049IL8VSOBF900AC6DKRDO0QQ1=CZ6_049I...,"Ngày quyết định, Mã số thuế, Tên người nộp Thuế, Quyết định cưỡng chế, Thông báo hóa đơn tiếp tục có giá trị sử dụng. 21/03/2024, 0109958062 ...","Ngày quyết định, Mã số thuế, Tên người nộp Thuế, Quyết định cưỡng chế, Thông báo hóa đơn tiếp tục có giá trị sử <b>dụng</b>. 21/03/<b>2024</b>, 0109958062&nbsp;...",,
customsearch#result,Bộ Tài Chính - Trang chủ - Tổng Cục Thuế,Bộ Tài Chính - Trang chủ - Tổng Cục Thuế,https://gdt.gov.vn/wps/portal/!ut/p/z1/vVJdU-owEP0r14c-ZrJtUpo8IqCUDxG9VJoXJm1T6B0I5ZpbP379jVQdfZDKOJqX7M7u2T05J1jgORZaVsVSmmKr5drmsWgtOtNhJxpGAMB9D8JxL-qO2i2YuIAjLLBItSnNCsfLzPxKt9oobRy4lQub7-9K6kTqN2G5kuXu34MDdbqwsTJZoVcOeOB5DvAgJyz3AyQZSRDNE4oSpSTyc1tOecbyVvC0uUyLDMef6r5peoqwZfjgtOEFf97u02AEwOg5QEhPJxf9ztSFkOzxB8bX-AMLGvADLJbrbVKbUvzZ7UTbKv-k9r3B8x-WfvCeLZtddi3bcRDNwi7A7-Aojlrd3b4GCyPv91RcB1wP1UGWU04ynyA_YSmiKuCIEY8hKhNCFOeuq6gVWNSsDljUZPJzA-XhiEXXkyu4PIPQnUynV-OIDGcEx9bF4EOb-h6-qQp1h2d6-3djrbo-8pP2oWmD-8UNDePJt47n8MXx5WbDyENRIJH466rs5eMeofGgejy9QPFgefIfBIviTA!!/dz/d5/L2dJQSEvUUt3QS80TmxFL1o2X0NHQUg0N0wwMDBUOTUwSTRCNFI5Q0QwR0Mz/,gdt.gov.vn,https://gdt.gov.vn/.../L2dJQSEvUUt3QS80TmxFL1o2X0NHQUg0N0wwM...,https://gdt.gov.vn/.../L2dJQSEvUUt3QS80TmxFL1o2X0NHQUg0N0wwM...,... tuyển dụng công chức theo Nghị định số 140/2017/NĐ-CP năm 2024 (04/05/2024); Thông báo kết quả và danh sách trúng tuyển Kỳ tuyển dụng công chức theo Nghị ...,... <b>tuyển dụng</b> công chức theo Nghị định số 140/2017/NĐ-CP năm <b>2024</b> (04/05/<b>2024</b>); Thông báo kết quả và danh sách trúng tuyển Kỳ <b>tuyển dụng</b> công chức theo Nghị&nbsp;...,,
customsearch#result,Bộ Tài Chính - Site map - Tổng Cục Thuế,Bộ Tài Chính - Site map - Tổng Cục Thuế,https://www.gdt.gov.vn/wps/portal/!ut/p/z0/TYzLDoIwFAV_xQ1Lcm9boLL0QQigRo2gdkPaiojRGkKjfr7Iwrg6M8nkgIAjCTzCkYx9OIAw8tnU0jYPI2-9H0VQzjbZrMgKxHjjUUyiOJ2uthEJFgxSEP_BOF_PMVkueZEnc8Qd_z4017YVExD6YWz1tnCoT3Y0iLEOdrLsfVhTvboflFa-HaRIqYP2Ik096oEjDUNaKZefCXM9zrSrpNauZsxXodIBIQruIt5_ACtw2rw!/,www.gdt.gov.vn,https://www.gdt.gov.vn/.../TYzLDoIwFAV_xQ1Lcm9boLL0QQigRo2gdk...,https://www.gdt.gov.vn/.../TYzLDoIwFAV_xQ1Lcm9boLL0QQigRo2gdk...,Thông báo. Thông báo tuyển dụng công chức theo Nghị định số 140/2017/NĐ-CP ... Thông báo kế hoạch tuyển dụng công chức Tổng cục Thuế năm 2024 (19/02/2024) ...,Thông báo. Thông báo <b>tuyển dụng</b> công chức theo Nghị định số 140/2017/NĐ-CP ... Thông báo kế hoạch <b>tuyển dụng</b> công chức Tổng cục Thuế năm <b>2024</b> (19/02/<b>2024</b>)&nbsp;...,,
customsearch#result,Bộ Tài Chính - Chi tiết dự thảo văn bản - Tổng Cục Thuế,Bộ Tài Chính - Chi tiết dự thảo văn bản - Tổng Cục Thuế,https://gdt.gov.vn/wps/portal/!ut/p/z0/lY49T8MwFEX_CgwZLT_Hz7EzQtNGpaoUJBoaL5Vdp2lQsVXVfPx8TMrCBsO77x7pDodq2hHGZK7SgaJbqr15HwcTx-DNKXGni93scTVrVy2AqpsFLNfVvWzUnEPN6APVwynY63R8OZ_1HdX74GP_Gel2cPFmAh8zuJhd4um7t3g0IYMccp4B2l6BUZYYhZIgQEkUihSOi3J_OIi8L_62-tb55btpquS7lu1mWQE8yX9Z-v7jMpV4DH6wP8IsA2DkWtBBiaUFwkSBBLEQRBkpSJE8JXOcC3T0VdfPRHe3X5BKAGc!/,gdt.gov.vn,https://gdt.gov.vn/.../lY49T8MwFEX_CgwZLT_Hz7EzQtNGpaoUJBoaL5...,https://gdt.gov.vn/.../lY49T8MwFEX_CgwZLT_Hz7EzQtNGpaoUJBoaL5...,... tuyển dụng công chức theo Nghị định số 140/2017/NĐ-CP năm 2024 (04/05/2024); Thông báo kết quả và danh sách trúng tuyển Kỳ tuyển dụng công chức theo Nghị ...,... <b>tuyển dụng</b> công chức theo Nghị định số 140/2017/NĐ-CP năm <b>2024</b> (04/05/<b>2024</b>); Thông báo kết quả và danh sách trúng tuyển Kỳ <b>tuyển dụng</b> công chức theo Nghị&nbsp;...,,
customsearch#result,Bộ Tài Chính - Quản lý hành nghề dịch vụ thuế - Tổng Cục Thuế,Bộ Tài Chính - Quản lý hành nghề dịch vụ thuế - Tổng Cục Thuế,https://gdt.gov.vn/wps/portal/home/quanlyhanhnghedvt,gdt.gov.vn,https://gdt.gov.vn/wps/portal/home/quanlyhanhnghedvt,https://gdt.gov.vn/wps/portal/home/quanlyhanhnghedvt,Thông báo · Thông báo địa điểm kỳ thi tuyển dụng công chức Tổng cục Thuế năm 2024 - Khu vực miền Nam (19/07/2024) · Thông báo thí sinh đủ điều kiện tham dự kỳ thi ...,Thông báo &middot; Thông báo địa điểm kỳ thi <b>tuyển dụng</b> công chức Tổng cục Thuế năm <b>2024</b> - Khu vực miền Nam (19/07/<b>2024</b>) &middot; Thông báo thí sinh đủ điều kiện tham dự kỳ thi&nbsp;...,,
customsearch#result,Bộ Tài Chính - Trang chủ - Tổng Cục Thuế,Bộ Tài Chính - Trang chủ - Tổng Cục Thuế,https://www.gdt.gov.vn/wps/portal/!ut/p/z0/JYrLDoIwFER_xQ3L5t5ipXSJmKDGlXEB3ZDb8hAlRWJD_Hwb2MyZkxnQUIJ2tAw9-WFyNAavdFLnRXYW8oaID3XAiziKu8pPWOR7uILux8ls1-E1zzoDbSfn25-Hsm_8bhXnI_xSHXzlQs6Qi3Axz2bL2tswxcglwzhCbgy3lFrWtg0xoRRnaRJ3oYlOWuqk4Al83rr6A0eHRSQ!/,www.gdt.gov.vn,https://www.gdt.gov.vn/.../JYrLDoIwFER_xQ3L5t5ipXSJmKDGlXEB3ZD...,https://www.gdt.gov.vn/.../JYrLDoIwFER_xQ3L5t5ipXSJmKDGlXEB3ZD...,... dụng công chức Tổng cục Thuế năm 2024 (11/03/2024); Thông báo kỳ thi cấp chứng chỉ hành nghề dịch vụ làm thủ tục về thuế năm 2024 (21/02/2024); Thông báo tuyển ...,... <b>dụng</b> công chức Tổng cục Thuế năm <b>2024</b> (11/03/<b>2024</b>); Thông báo kỳ thi cấp chứng chỉ hành nghề dịch vụ làm thủ tục về thuế năm <b>2024</b> (21/02/<b>2024</b>); Thông báo <b>tuyển</b>&nbsp;...,,
customsearch#result,Bộ Tài Chính - Trang chủ - Tổng Cục Thuế,Bộ Tài Chính - Trang chủ - Tổng Cục Thuế,https://www.gdt.gov.vn/wps/portal/!ut/p/z1/tVPRbtsgFP2V9sGPiGvHxvCYuVXiZtkSJU5qXiLAxvYU43Qlyfr3w602adOaZGrLA3DR4d5zzgXM8T3mRhyaStimM2Lr4pyTTTKfJKvJCoBmsxtIp9N4laU3AMsYr18Ao-E4jD87QDgCSMNPX7-Mk7kP6QDzS-7DK2MI5-6vMMdcGbuzNc6rwl6pztjSWA8excbFz6spj4-_N5vSQbr2yYMAgsADWwtTXfkeCCYDJQuBCicDhUwxRCVhCAaaFSGRwJjsq-1UU-D8IvT6nH38tPg7zKttJ18a0Xx7eOBDp7ZX-MPi-3_KVcraWjlZbq7r5_N-u1F7Zet96UG9N5UTG-nAZ7RElAJDISExYjRiKCr8SFMXa8n68qfpX8zqfZuQO1vjV3ndhXjR9ylZOnoevI0P1bEsSu0jGYcEhbGgSBaDAmktFCE00CIq8frQlEecme5761q17ov_4dvs1n2F6Tx2LvsBTaNfgBO_5tzLGMM5F8hftBb_-XZPph9N4GPTB29Mv2uzrKWDJ8RltD20LZotUjRKJD0udZvk1z8B8JYiCQ!!/dz/d5/L2dJQSEvUUt3QS80TmxFL1o2X0NHQUg0N0wwMDBUOTUwSTRCNFI5Q0QwR0Mz/,www.gdt.gov.vn,https://www.gdt.gov.vn/.../L2dJQSEvUUt3QS80TmxFL1o2X0NHQUg0N0...,https://www.gdt.gov.vn/.../L2dJQSEvUUt3QS80TmxFL1o2X0NHQUg0N0...,... tuyển kỳ thi tuyển dụng công chức cơ quan Tổng cục Thuế. Hưởng ứng phong trào ... Thông báo kế hoạch tuyển dụng công chức Tổng cục Thuế năm 2024 (11/03/2024) ...,... tuyển kỳ thi <b>tuyển dụng</b> công chức cơ quan Tổng cục Thuế. Hưởng ứng phong trào ... Thông báo kế hoạch <b>tuyển dụng</b> công chức Tổng cục Thuế năm <b>2024</b> (11/03/<b>2024</b>)&nbsp;...,,
customsearch#result,Bộ Tài Chính - Trang chủ - Tổng Cục Thuế,Bộ Tài Chính - Trang chủ - Tổng Cục Thuế,https://www.gdt.gov.vn/wps/portal/!ut/p/z0/JcpBC4IwHAXwr9LF4_j_2ebmjmZgRacI0l1kc9MMm0hD-viJXt7jx3ugoRYCaYaZVFCBDmYZehOHKZhxda1FU5T5mcsbIj5Uihd-5HdVnLAsGFxB9-Nk9-vwnmedg26nEP0vQtW7eNgQYoJf06zeejHBmpDgYl9uzya264ScUKQ0QcaE8NZ2xDNJCXeSkyyVGbGutZ1C5Rnz8NHl8w-lYN4B/,www.gdt.gov.vn,https://www.gdt.gov.vn/.../JcpBC4IwHAXwr9LF4_j_2ebmjmZgRacI0l1kc9...,https://www.gdt.gov.vn/.../JcpBC4IwHAXwr9LF4_j_2ebmjmZgRacI0l1kc9...,"Tiếp theo kế hoạch tổ chức thi tuyển dụng công chức Tổng cục Thuế năm 2024, chiều ngày 07/7, tại Trường Đại học Thông tin liên lạc (Trường Sĩ quan thông tin) - ...","Tiếp theo kế hoạch tổ chức thi <b>tuyển dụng</b> công chức Tổng cục Thuế năm <b>2024</b>, chiều ngày 07/7, tại Trường Đại học Thông tin liên lạc (Trường Sĩ quan thông tin) -&nbsp;...",,
customsearch#result,Bộ Tài Chính - Bộ TTHC thuế - Tổng Cục Thuế,Bộ Tài Chính - Bộ TTHC thuế - Tổng Cục Thuế,https://gdt.gov.vn/wps/portal/home/tthc,gdt.gov.vn,https://gdt.gov.vn/wps/portal/home/tthc,https://gdt.gov.vn/wps/portal/home/tthc,... 2024); Thông báo phòng thi Vòng 2 kỳ thi tuyển dụng công chức Tổng cục Thuế năm 2024 – Khu vực miền Bắc (30/06/2024); Thông báo thời gian tổ chức kỳ thi tuyển ...,... <b>2024</b>); Thông báo phòng thi Vòng 2 kỳ thi <b>tuyển dụng</b> công chức Tổng cục Thuế năm <b>2024</b> – Khu vực miền Bắc (30/06/<b>2024</b>); Thông báo thời gian tổ chức kỳ thi tuyển&nbsp;...,,
customsearch#result,Bộ Tài Chính - Danh sách tin - Tổng Cục Thuế,Bộ Tài Chính - Danh sách tin - Tổng Cục Thuế,http://gdt.gov.vn/wps/portal/!ut/p/z1/tVNNc4IwEP0rvfTIZCFA4KiOg1GsXwUlFwYIBdoSsGa0_fcNznhU7DjNZbMzu_vevrwghnaIieRYFYmsGpF8qjxidgymS30n3CyGY0qABt56Tae-brg62p4LRt5gYhIfwDE9AGoOFy-T0UoHihG7px-unAH09YeIIZYJ2coSRQWXT1kjZC7kMxySWOXnKPLT4XyRZSOKNGm6pjarOIpwDi7h3NZIbmPNxNzSUpODhpPMsHlmWWnqXEheZ8Fu77Dt8DqZVrNROAuVTMuxEme-IrZNdMOh1qXgho59IJEiSa6SXGK0PVb5CQWi-arVy27-qMGkD8GCBxF6xhv_O15_cPy0z6nqK1Xv-z0bKL92Hv2WaHe_Yds6CGoH_2gfa-f0-lYWdTwfY6sLh197DaW4/dz/d5/L2dBISEvZ0FBIS9nQSEh/p0/IZ7_049IL8VSOBEI70IUGRRIJL12P3=CZ6_049IL8VSOBEI70IUGRRIJL1291=MECTX!QCPgdtQCAcontentQCPsa_gdtQCPsa_newsQCPsa_thongbao=WCM_PI!1=ns_Z7_049IL8VSOBEI70IUGRRIJL12P3_WCM_Page.83fad4d3-eb69-429d-bdad-cd96c75fe46e!5==/,gdt.gov.vn,http://gdt.gov.vn/.../IZ7_049IL8VSOBEI70IUGRRIJL12P3=CZ6_049IL8V...,http://gdt.gov.vn/.../IZ7_049IL8VSOBEI70IUGRRIJL12P3=CZ6_049IL8V...,... 2024); Tổng cục Thuế khai mạc kỳ thi tuyển dụng công chức năm 2024 khu vực miền Bắc (23/06/2024); Công tác thông tin tuyên truyền ngành Thuế cần tiếp tục chủ ...,... <b>2024</b>); Tổng cục Thuế khai mạc kỳ thi <b>tuyển dụng</b> công chức năm <b>2024</b> khu vực miền Bắc (23/06/<b>2024</b>); Công tác thông tin tuyên truyền ngành Thuế cần tiếp tục chủ&nbsp;...,,
customsearch#result,Bộ Tài Chính - Hỗ trợ kê khai - Tổng Cục Thuế,Bộ Tài Chính - Hỗ trợ kê khai - Tổng Cục Thuế,https://gdt.gov.vn/wps/portal/!ut/p/z1/tVNNc5swFPwrvXDEEpYMuDfsJDaO4w8SbNCFESDzjTDIdie_vqJpD53WdTOZ6KJ5M2933755CwjwAKnpOUuoyHhNS1n7RA8gHttLc_e8RvrkHtquM14MN3cafEBg_6NhOrPm2FhCaOIZhDaerFfz6VaDNgLkf_DwyrPgLfwOEECiWjQiBX4Siy8RrwWrhQI7GshagakoClnxgwi6UxPELCppy3rYIYzKLAa-fbEcxMYOI_C0ejWZz1bzfOwOH2Nm5Y8vsRHU2Minx8vJ81wbPalFEW2SdJNyLYh6oibqaQyDygVoukpRiFU8xEilFI9UbWxoI1NHpk71X36vGyL_Xse-17ux8VscvpzBuDbDbGeA_TljF-DWvK3kDTy_0-L8DwUHbh6gra23W-dph-6HH1W4YWD0mfQmxJ9Lr3-QfgFIUvLwLbxZfjwSSyakT8U3Abz3RETirTpEZgJIyw6sZe3g1EraVIim-6pABZaDA41YyHkxiHilwL9BUt5J3d87QVO5bmWiSvVgPkqq4G6yUv3F-fXnt2R7s_sOcfuuFg!!/dz/d5/L2dBISEvZ0FBIS9nQSEh/?fbclid=IwAR3e9ReZ0uNz8eYeNHj9U2KdeAjKTd7_n47jCqwuXXUI3M-kkcPghPho1_c,gdt.gov.vn,https://gdt.gov.vn/.../L2dBISEvZ0FBIS9nQSEh/?...,https://gdt.gov.vn/.../L2dBISEvZ0FBIS9nQSEh/?...,Thông báo · Thông báo phòng thi (Vòng 1) kỳ thi tuyển dụng công chức Tổng cục Thuế năm 2024 - Khu vực miền Nam (21/07/2024) · Thông báo địa điểm kỳ thi tuyển dụng ...,Thông báo &middot; Thông báo phòng thi (Vòng 1) kỳ thi <b>tuyển dụng</b> công chức Tổng cục Thuế năm <b>2024</b> - Khu vực miền Nam (21/07/<b>2024</b>) &middot; Thông báo địa điểm kỳ thi <b>tuyển dụng</b>&nbsp;...,,
customsearch#result,Bộ Tài Chính - Chi tiết tin - Tổng Cục Thuế,Bộ Tài Chính - Chi tiết tin - Tổng Cục Thuế,https://www.gdt.gov.vn/wps/portal/!ut/p/z0/jY67bsMgFIZfpR0YEceAAxmrZEmiSK3UWCmLxc3gxoJGoZfHL473qst_05HORxQ5E5X01xh0GXPSU-1vatVvXg6b7tAByNPzFnbHo-hOuy3AqyB7osKUzXI6vl-v6okom1PxP4WcgysP95IKgpvua0dgbSnRIpg1xvs-x97G0X7WXTbGed46TK1uMF-Dx8YxiUE4K7wXrOHD_PdvsH_jVE_--7ZwxJyC0RkBBUoRAMNL8K11wCjHg9YSc1FFOm2wZBV1xeV6EJ58XJRpp_D4C83Yi7w!/,www.gdt.gov.vn,https://www.gdt.gov.vn/.../jY67bsMgFIZfpR0YEceAAxmrZEmiSK3UWC...,https://www.gdt.gov.vn/.../jY67bsMgFIZfpR0YEceAAxmrZEmiSK3UWC...,"Thông báo kết quả Kỳ thi tuyển dụng công chức Tổng cục Thuế năm 2021 (Vòng 2) vào Cơ quan Tổng cục Thuế và 63 Cục Thuế các tỉnh, thành phố · (Danh sách kết quả ...","Thông báo kết quả Kỳ thi <b>tuyển dụng</b> công chức Tổng cục Thuế năm 2021 (Vòng 2) vào Cơ quan Tổng cục Thuế và 63 Cục Thuế các tỉnh, thành phố &middot; (Danh sách kết quả&nbsp;...",,
customsearch#result,Bộ Tài Chính - Trang chủ - Tổng Cục Thuế,Bộ Tài Chính - Trang chủ - Tổng Cục Thuế,http://www.gdt.gov.vn/wps/portal/!ut/p/z1/tVJNU8IwEP0rXjhmsk3TtBwrMFAQFaUtzYVJv-vQFiSC_nsDHQ8eKDBoLtmdebtv377FHC8wr8SuyIQs6kqsVB5wtuzNJj1v4gFY7nMfnOnU9FynDzA3sd8AhvaImg8KQIcADr1_ehz1Zho4OuaX1MOJZ8O5eg9zzKNKrmWOgyyWd1FdyaSSHdiKpcqPf5Xst8dA5nWVhaLuAAGidVRD1ASUiC6IiCGa6gmiSZogKw0JMlMRE8q0yDC6B6Z1VMQ4uAjtn1sdbxc-xjxb1WFjQvG22XBbKT2o-5R4cUpq_CHzRp_GlKzQCqnQNER0Q01rJARZMaUIWKQLK40jiI3LUIdx2uVcM-UfGeIfLPk11fNAHd10ZjJmasRi9AfQcp_nfGincAwcKKPNk5sZU-zvimSP3ap-L5Wbr1fe0QjOMbAbGVrbDyfwv-3Jje3XpeuWlv6FeGisduvBi7Wfp3lWLqcD3chK-xse3j9t/dz/d5/L2dJQSEvUUt3QS80TmxFL1o2X0NHQUg0N0wwMDBUOTUwSTRCNFI5Q0QwR0Mz/,www.gdt.gov.vn,http://www.gdt.gov.vn/.../L2dJQSEvUUt3QS80TmxFL1o2X0NHQUg0N0...,http://www.gdt.gov.vn/.../L2dJQSEvUUt3QS80TmxFL1o2X0NHQUg0N0...,... tuyển kỳ thi tuyển dụng công chức cơ quan Tổng cục Thuế. Hưởng ứng phong ... Thông báo kế hoạch tuyển dụng công chức Tổng cục Thuế năm 2024 (11/03/2024) ...,... tuyển kỳ thi <b>tuyển dụng</b> công chức cơ quan Tổng cục Thuế. Hưởng ứng phong ... Thông báo kế hoạch <b>tuyển dụng</b> công chức Tổng cục Thuế năm <b>2024</b> (11/03/<b>2024</b>)&nbsp;...,,
customsearch#result,Quyết định cưỡng chế hóa đơn - - Cục Thuế Kon Tum,Quyết định cưỡng chế hóa đơn - - Cục Thuế Kon Tum,https://gdt.gov.vn/wps/portal/home/qdcchd1/list?1dmy&current=true&urile=wcm:path:/kontum/site/sa-cmcchd,gdt.gov.vn,https://gdt.gov.vn/wps/portal/home/qdcchd1/list?1dmy&current...,https://gdt.gov.vn/wps/portal/home/qdcchd1/list?1dmy&amp;current...,Thông báo · Thông báo phòng thi Vòng 2 kỳ thi tuyển dụng công chức Tổng cục Thuế năm 2024 - Khu vực miền Trung (14/07/2024) · Thông báo thời gian tổ chức kỳ thi ...,Thông báo &middot; Thông báo phòng thi Vòng 2 kỳ thi <b>tuyển dụng</b> công chức Tổng cục Thuế năm <b>2024</b> - Khu vực miền Trung (14/07/<b>2024</b>) &middot; Thông báo thời gian tổ chức kỳ thi&nbsp;...,,
customsearch#result,Bộ Tài Chính - Chi tiết bài viết - Website Cục Thuế - Tổng Cục Thuế,Bộ Tài Chính - Chi tiết bài viết - Website Cục Thuế - Tổng Cục Thuế,https://laocai.gdt.gov.vn/wps/portal/!ut/p/z1/vVJdb4IwFP0r84FH0tvyIT5ipk4EmXFj0hdTEJBNCm6V6X79ysiWxcS4xWV9uT3p6Tn33hxE0QJRzuo8YyIvOdtIHFJzCXpv7FrB3O8PZwMYD_rTu0mPEJhiFCCKaMxFJdYozFbiKi65SLhQ4IUtJf6oNeMR49-u1ZpV291BgRYuxbrkmdgpQIAQBViqd02sExWnrKfqkWWqVrLS1ATA0NIIjDhOG98qzlco_BH74dwgtHk-cWyQ_2lL-VKYXWMYuzMPbsHHnk8-Cac1QtlD91QPo5E0qfPkFd3z8rmQu5__csSbMw4Q4AsdjuQd35by2HOMyXwIxCB_K3-0H9AulHcQzTZl1KY6f9xuqS2j28R1L9DiX7NbFYWlHdSn1BtoeujUb_2p2hTX7nTeAVmrPx4!/dz/d5/L2dBISEvZ0FBIS9nQSEh/?1dmy&page=6_049IL8VSOJDB70IERMA7G920M6&urile=wcm%3Apath%3A%2Flaocai%2Fsite%2Fnews%2Fannocement%2Fd94a262a-e140-4e91-ab22-28de5cd2bb07,laocai.gdt.gov.vn,https://laocai.gdt.gov.vn/.../L2dBISEvZ0FBIS9nQSEh/?...,https://laocai.gdt.gov.vn/.../L2dBISEvZ0FBIS9nQSEh/?...,... 2024); Thông báo số 365/TB-TCT ngày 26/04/2024 về Kế hoạch tuyển dụng công chức Tổng cục Thuế năm 2024 (02/05/2024); Thông báo số 2458/TB-CT ngày 26/4/2024 ...,... <b>2024</b>); Thông báo số 365/TB-TCT ngày 26/04/<b>2024</b> về Kế hoạch <b>tuyển dụng</b> công chức Tổng cục Thuế năm <b>2024</b> (02/05/<b>2024</b>); Thông báo số 2458/TB-CT ngày 26/4/<b>2024</b>&nbsp;...,,
customsearch#result,Bộ Tài Chính - Công khai nợ thuế lớn - Tổng Cục Thuế,Bộ Tài Chính - Công khai nợ thuế lớn - Tổng Cục Thuế,https://www.gdt.gov.vn/wps/portal/Home/ntl,www.gdt.gov.vn,https://www.gdt.gov.vn/wps/portal/Home/ntl,https://www.gdt.gov.vn/wps/portal/Home/ntl,"Thông báo danh sách ca thi, phòng thi (Vòng 1) của thí sinh tham dự kỳ thi tuyển dụng công chức Tổng cục Thuế năm 2024 – Khu vực miền Bắc (22/06/2024) ...","Thông báo danh sách ca thi, phòng thi (Vòng 1) của thí sinh tham dự kỳ thi <b>tuyển dụng</b> công chức Tổng cục Thuế năm <b>2024</b> – Khu vực miền Bắc (22/06/<b>2024</b>)&nbsp;...",,
customsearch#result,Bộ Tài Chính - Danh sách cưỡng chế hóa đơn 1 - Tổng Cục Thuế,Bộ Tài Chính - Danh sách cưỡng chế hóa đơn 1 - Tổng Cục Thuế,https://www.gdt.gov.vn/wps/portal/!ut/p/z0/04_Sj9CPykssy0xPLMnMz0vMAfIjo8ziDUwsPX0swoL9ndwsDQwcnc1cvINc_A0CAw30vfSj0nPykyBKM7MKC6Mc9aOS8_NKUitK9COSMvMyUoBY1aA4syQVSCbqJucmJ2ek6BdkR0UCAOFjTrQ!/p0/IZ7_049IL8VSOBF900AC6DKRDO0QQ1=CZ6_049IL8VSOBF900AC6DKRDO0QQ0=MEns_Z7_049IL8VSOBF900AC6DKRDO0QFBQFB1_WCM_Page.e5a46e61-3007-4f17-b04f-d448e6cffb0b!5=CTX!QCPbinhdinhQCPsiteQCPsa-cmcchd=WCM_PI!1==/,www.gdt.gov.vn,https://www.gdt.gov.vn/.../IZ7_049IL8VSOBF900AC6DKRDO0QQ1=CZ6...,https://www.gdt.gov.vn/.../IZ7_049IL8VSOBF900AC6DKRDO0QQ1=CZ6...,"Ngày quyết định, Mã số thuế, Tên người nộp Thuế, Quyết định cưỡng chế, Thông báo hóa đơn tiếp tục có giá trị sử dụng. 29/01/2024, 5900189438-004 ...","Ngày quyết định, Mã số thuế, Tên người nộp Thuế, Quyết định cưỡng chế, Thông báo hóa đơn tiếp tục có giá trị sử <b>dụng</b>. 29/01/<b>2024</b>, 5900189438-004&nbsp;...",,
customsearch#result,Bộ Tài Chính - Trang chủ - Tổng Cục Thuế,Bộ Tài Chính - Trang chủ - Tổng Cục Thuế,https://gdt.gov.vn/wps/portal/!ut/p/z0/jY7LTsMwEEV_BRZZWp44jp0sSyKVUCoBolHxJvIrjzayqWoen4_T_ACbmXtmRpqDBT5i4eT3NMgweSfnyB-CddV280j5MwC8lzk09IG-lVUN2yrDT1gMs1fr6XS6XMQGC-1dsL8BHwcT7m7gQgJX2UVOQOsQRp3AUsfxNl9iF7wb9FdcWDCs1wVFhpQKUcM0UsoCAqUVt6lUaaaXx4vZ665qdy1AcXipodnveXto6ujJ_-8Tu7M_11VkjBJK-gQIkDQB4GgNhPXMAskQK1IanVSPpOUEAZOMlTkzNM3x51mofB7u_wCulraL/,gdt.gov.vn,https://gdt.gov.vn/.../jY7LTsMwEEV_BRZZWp44jp0sSyKVUCoBolHxJvIr...,https://gdt.gov.vn/.../jY7LTsMwEEV_BRZZWp44jp0sSyKVUCoBolHxJvIr...,... tuyển công chức năm 2024 khu vực miền Nam. Phó Tổng cục trưởng Đặng Ngọc ... Thông báo địa điểm kỳ thi tuyển dụng công chức Tổng cục Thuế năm 2024 - Khu ...,... tuyển công chức năm <b>2024</b> khu vực miền Nam. Phó Tổng cục trưởng Đặng Ngọc ... Thông báo địa điểm kỳ thi <b>tuyển dụng</b> công chức Tổng cục Thuế năm <b>2024</b> - Khu&nbsp;...,,
customsearch#result,Bộ Tài Chính - Chi tiết bài viết - Website Cục Thuế - Tổng Cục Thuế,Bộ Tài Chính - Chi tiết bài viết - Website Cục Thuế - Tổng Cục Thuế,https://vinhphuc.gdt.gov.vn/wps/portal/!ut/p/z0/JcpPC4IwGIDxr9LFo-zd8M92NIpQkqAgdJeYc-pKXxWX9fETOj4_HiJJQSSq1bbK2RFVv3UpowcEIj3z--2SHfYxpMdrnsQnwSCPSEZk24_Vf7XPeZYJkXpEZ76OFKvFbure2oPFOuMBms_igUIctRkMuk3UsGPAmAeMcx7roPZFTakfNFT4VQihDyGtaxPSSDeaTC9Z_gACBr6K/?cID=Z6_049IL8VSOR5JC0ILBKQN5C30K2&nID=Z6_049IL8VSOR5JC0ILBKQN5C30K2,vinhphuc.gdt.gov.vn,https://vinhphuc.gdt.gov.vn/.../JcpPC4IwGIDxr9LFo-zd8M92NIpQkqAgdJ...,https://vinhphuc.gdt.gov.vn/.../JcpPC4IwGIDxr9LFo-zd8M92NIpQkqAgdJ...,... 2024); Thông báo thời gian tổ chức kỳ thi tuyển dụng công chức Tổng cục Thuế năm 2024 (18/06/2024). Xem thêm. Z7_049IL8VSOJDB70IERMA7G920E1. Video. Loading the ...,... <b>2024</b>); Thông báo thời gian tổ chức kỳ thi <b>tuyển dụng</b> công chức Tổng cục Thuế năm <b>2024</b> (18/06/<b>2024</b>). Xem thêm. Z7_049IL8VSOJDB70IERMA7G920E1. Video. Loading the&nbsp;...,,
customsearch#result,Bộ Tài Chính - Trang chủ - Tổng Cục Thuế,Bộ Tài Chính - Trang chủ - Tổng Cục Thuế,https://www.gdt.gov.vn/wps/portal/!ut/p/z1/tVRdc6IwFP0r-8JjJpcQ8vFo0a34UaVWLLwwAYKyo2BXhnb2129cdztTO0r3Kw-ETM65ufecm-AYR64QBAgHBz_iuFJtuVZNWVdqa9ZRzBIvGHvhOAQA6RLwp4OwP-kxmNmAV28BYjnvG8CUh0u_D_DAcXydH-IYx1nV7JsNjtZ58ymrq0ZXjQUHlZj1j7lVVaoqC9p0k5--SZOZLaDI5E0scHIlmVASEcIzRCXVKOWKoZQ6LgeiVFFkx4P2WZnj6EPoVVflx8Lgwui9CnPbG1I-McLQWwCf3szuhl5gg-90CXPiXzmggz96C3hvjLG2_PL0FPeM_kfNXxr8eMmASj8fXn-SRr0Y7Y18YDMLdGELnUqCFCEuopmbIqVVjqAQRc5B64xlODLV8IvZjCheHO3xHkxSFvxJFpKmUimWI10IgqjNBBIUBCIpIaDzTHJZGE3jM1XmA-PFNOCMcZsI3_0FuGJbl_E_AVT6ExEuZvcw_wy-PQuC-2nojJfOuRZn1g0JXrWlfsbLqv66M1dwgaMbHE3236QK8BC66PY7-u_1fUd457-Gl_CX4U3Xr7d1enq5Ptze_-Z92cXbUXsn6rrdrZBKpV_Od16xWe-S6cBxj9Oh9x28ch2-/dz/d5/L2dJQSEvUUt3QS80TmxFL1o2X0NHQUg0N0wwMDBUOTUwSTRCNFI5Q0QwR0Mz/,www.gdt.gov.vn,https://www.gdt.gov.vn/.../L2dJQSEvUUt3QS80TmxFL1o2X0NHQUg0N0...,https://www.gdt.gov.vn/.../L2dJQSEvUUt3QS80TmxFL1o2X0NHQUg0N0...,... 2024 (21/02/2024); Thông báo kế hoạch tuyển dụng công chức Tổng cục Thuế năm 2024 (19/02/2024); Thông báo kết quả thi và danh sách thí sinh trúng tuyển kỳ thi ...,... <b>2024</b> (21/02/<b>2024</b>); Thông báo kế hoạch <b>tuyển dụng</b> công chức Tổng cục Thuế năm <b>2024</b> (19/02/<b>2024</b>); Thông báo kết quả thi và danh sách thí sinh trúng tuyển kỳ thi&nbsp;...,,
customsearch#result,Website Cục Thuế - Tổng Cục Thuế - Bộ Tài Chính - Chi tiết bài viết,Website Cục Thuế - Tổng Cục Thuế - Bộ Tài Chính - Chi tiết bài viết,https://sonla.gdt.gov.vn/wps/portal?1dmy&page=Z6_049IL8VSOJDB70IERMA7G920M6&urile=wcm%3Apath%3A%2Fsonla%2Fsite%2Fnews%2Fannocement%2Fdbc017e6-abb8-4fa0-ac37-c1714ff0f867,sonla.gdt.gov.vn,https://sonla.gdt.gov.vn/wps/portal?1dmy&page=Z6...urile...abb8...,https://sonla.gdt.gov.vn/wps/portal?1dmy&amp;page=Z6...urile...abb8...,... tuyển dụng công chức Tổng cục Thuế năm 2024 (22/06/2024); QĐ số 90/QD-CCTKV ngày 20/6/2024 QĐ v/v Khoanh tiền thuế nợ đối với công ty TNHH Nông nghiệp Nam ...,... <b>tuyển dụng</b> công chức Tổng cục Thuế năm <b>2024</b> (22/06/<b>2024</b>); QĐ số 90/QD-CCTKV ngày 20/6/<b>2024</b> QĐ v/v Khoanh tiền thuế nợ đối với công ty TNHH Nông nghiệp Nam&nbsp;...,,
customsearch#result,Website Cục Thuế - Tổng Cục Thuế - Bộ Tài Chính - Danh sách tin,Website Cục Thuế - Tổng Cục Thuế - Bộ Tài Chính - Danh sách tin,https://dongnai.gdt.gov.vn/wps/portal/news/list?1dmy&current=true&urile=wcm:path:/dongnai/site/news/cucthue,dongnai.gdt.gov.vn,https://dongnai.gdt.gov.vn/wps/portal/news/list?1dmy&current...,https://dongnai.gdt.gov.vn/wps/portal/news/list?1dmy&amp;current...,"Bắt đầu từ 8h00 ngày hôm nay (21/05/2024), Cục Thuế tỉnh Đồng Nai tổ chức tiếp nhận trực tiếp hồ sơ đăng ký dự thi tuyển dụng công chức Tổng cục Thuế năm 2024 ...","Bắt đầu từ 8h00 ngày hôm nay (21/05/<b>2024</b>), Cục Thuế tỉnh Đồng Nai tổ chức tiếp nhận trực tiếp hồ sơ đăng ký dự thi <b>tuyển dụng</b> công chức Tổng cục Thuế năm <b>2024</b>&nbsp;...",,
customsearch#result,Thông báo kỳ thi cấp chứng chỉ hành nghề dịch vụ làm thủ tục về ...,Thông báo kỳ thi cấp chứng chỉ hành nghề dịch vụ làm thủ tục về ...,https://gdt.gov.vn/wps/portal/!ut/p/z1/tVJNc4IwFPwr9eCRyQtEoEfEDl9i67Sg5OLwJdKWgDWDtb--gfaKtuOYy8ubbHb3JYsoWiPK4rYsYl7WLH4XfUTVjbn0zNALAfTgaQaO72th4MwAXjQUIopoynjDdygqMn6X1oznjI_hEG9E31eWHw_9hu9qViRxPQYZZDKGJJMxTnVNwmqiSySfTCSdECxlCk4xVnTlfht3Ak1aZij6E3p1yTEVxzCwDBD3aQ8xLcMm2lwwEAvAIdPHhW0uMTjKL-AMRyQ8aIMeXIJWbZkfUcDqj0o88vM_R7QvKqhXKpyltzy4Lb18Jb3784HDERCpLl_3e2qI6HZx_eRofZvsNlWlKyfpbes_KCRy26_pQurK3BiNvgEr-nBX/dz/d5/L2dBISEvZ0FBIS9nQSEh/,gdt.gov.vn,https://gdt.gov.vn/wps/portal/.../L2dBISEvZ0FBIS9nQSEh/,https://gdt.gov.vn/wps/portal/.../L2dBISEvZ0FBIS9nQSEh/,... tuyển dụng công chức theo Nghị định số 140/2017/NĐ-CP năm 2024 (03/05/2024); Thông báo thi tuyển dụng công chức Tổng cục Thuế năm 2024 (26/04/2024); Tổng cục ...,... <b>tuyển dụng</b> công chức theo Nghị định số 140/2017/NĐ-CP năm <b>2024</b> (03/05/<b>2024</b>); Thông báo thi <b>tuyển dụng</b> công chức Tổng cục Thuế năm <b>2024</b> (26/04/<b>2024</b>); Tổng cục&nbsp;...,,
customsearch#result,Website Cục Thuế - Tổng Cục Thuế - Bộ Tài Chính - Chi tiết bài viết,Website Cục Thuế - Tổng Cục Thuế - Bộ Tài Chính - Chi tiết bài viết,https://phuyen.gdt.gov.vn/wps/portal/!ut/p/z1/tVPJbsIwFPyWHjhatmOT5UhoaAKhUPb4grI4JC1ZKAHK39cRh6qoIagRvjzZmjczbzFkcAVZ6h7jjVvEWepuxd1h8hpRzbLVxXTUf9YVZBmTYUd50SQ0lOHyN4DgsQDY3a6J3wwk9xBkd-VXnE5t_gIyyPy0yIsIOnl0OPO0hfZxwVso5ad9C_kHv4gO4qr63A0UhEGAPR9QxEOgEkpAIKucBKFHPTcsyXI_DqBzF_qq-InyJtzNrbGOsY7pq3Rn8dUAdrs3y9JvtYORha8Bf8ynTsQRJpUqiQEVVRxjfoLzNPtMxMZMf3rIPdWnyKUAtQMKaEA1oHlaCFwkSW1Zk31NZJs1CrSHGyrU0JOH0i9QQ_o-ZJtt5l3-Yvy-27GOWPgsLfhXAVfNN_7Kvq7YOrK0qWnPiEkGyo3x_of-asUN6bH0-LH0pCF9nszniUrOMfiYqKdZGG2S9dAg7TIU5UPS9S7BefoGF4Vovw!!/dz/d5/L2dBISEvZ0FBIS9nQSEh/,phuyen.gdt.gov.vn,https://phuyen.gdt.gov.vn/...o.../L2dBISEvZ0FBIS9nQSEh/,https://phuyen.gdt.gov.vn/...o.../L2dBISEvZ0FBIS9nQSEh/,Thông báo · Thông báo tuyển dụng công chức Tổng cục Thuế năm 2024 (02/05/2024) · Công ty TNHH Anh ninh An toàn Thông tin CMC đề xuất phối hợp triển khai hóa đơn ...,Thông báo &middot; Thông báo <b>tuyển dụng</b> công chức Tổng cục Thuế năm <b>2024</b> (02/05/<b>2024</b>) &middot; Công ty TNHH Anh ninh An toàn Thông tin CMC đề xuất phối hợp triển khai hóa đơn&nbsp;...,,
customsearch#result,Tổng Cục Thuế - Hà Nội,Tổng Cục Thuế - Hà Nội,https://hanoi.gdt.gov.vn/wps/portal/faq?1dmy&page=6_049IL8VSOJDB70IERMA7G920M6&urile=wcm%3Apath%3A%2Fhanoi%2Fsite%2Fnews%2Fannocement%2Fc36a475d-afc6-494b-a1e9-e27bc0193f4d,hanoi.gdt.gov.vn,https://hanoi.gdt.gov.vn/wps/portal/faq?1dmy&page=6...urile...,https://hanoi.gdt.gov.vn/wps/portal/faq?1dmy&amp;page=6...urile...,... 2024); Thông báo tuyển dụng công chức theo Nghị định số 140/2017/NĐ-CP ngày 05/12/2017 của Chính phủ năm 2024 (19/03/2024); Lấy báo giá xác định giá dịch vụ ...,... <b>2024</b>); Thông báo <b>tuyển dụng</b> công chức theo Nghị định số 140/2017/NĐ-CP ngày 05/12/2017 của Chính phủ năm <b>2024</b> (19/03/<b>2024</b>); Lấy báo giá xác định giá dịch vụ&nbsp;...,"[{'src': 'https://encrypted-tbn0.gstatic.com/images?q=tbn:ANd9GcQMXYwRmVTX3Kz0tPbmeD2hE4TLAlN7Pa-Z2ZxmP8Efdj1Qt4Ri3qg3rg&s', 'width': '220', 'height': '100'}]",[{'src': 'https://tinnhiemmang.vn/handle_cert?id=hanoi.gdt.gov.vn'}]
customsearch#result,Bộ Tài Chính - Lịch sử phát triển - Tổng Cục Thuế,Bộ Tài Chính - Lịch sử phát triển - Tổng Cục Thuế,https://gdt.gov.vn/wps/portal/?uri=nm:oid:Z6_CQKCVKV00GH970IMU5PU2A08A7,gdt.gov.vn,https://gdt.gov.vn/wps/portal/?uri=nm:oid:Z6...,https://gdt.gov.vn/wps/portal/?uri=nm:oid:Z6...,... tuyển dụng công chức theo Nghị định số 140/2017/NĐ-CP năm 2024 (04/05/2024); Thông báo kết quả và danh sách trúng tuyển Kỳ tuyển dụng công chức theo Nghị ...,... <b>tuyển dụng</b> công chức theo Nghị định số 140/2017/NĐ-CP năm <b>2024</b> (04/05/<b>2024</b>); Thông báo kết quả và danh sách trúng tuyển Kỳ <b>tuyển dụng</b> công chức theo Nghị&nbsp;...,,
customsearch#result,Bộ Tài Chính - Danh sách tin - Website Cục Thuế - Tổng Cục Thuế,Bộ Tài Chính - Danh sách tin - Website Cục Thuế - Tổng Cục Thuế,https://vinhphuc.gdt.gov.vn/wps/portal/news/list?1dmy&current=true&urile=wcm:path:/vinhphuc/site/news/cucthue/nam%202024/ecf79073-1694-4a27-a48b-00cad240d1e5,vinhphuc.gdt.gov.vn,https://vinhphuc.gdt.gov.vn/wps/portal/.../list?.../nam%202024/...,https://vinhphuc.gdt.gov.vn/wps/portal/.../list?.../nam%20<b>2024</b>/...,... 2024) (02/05/2024); Thông báo Kế hoạch tuyển dụng công chức của Tổng cục Thuế năm 2024 (02/05/2024); Thông báo tuyển dụng công chức Tổng cục Thuế năm 2024 vào ...,... <b>2024</b>) (02/05/<b>2024</b>); Thông báo Kế hoạch <b>tuyển dụng</b> công chức của Tổng cục Thuế năm <b>2024</b> (02/05/<b>2024</b>); Thông báo <b>tuyển dụng</b> công chức Tổng cục Thuế năm <b>2024</b> vào&nbsp;...,,
customsearch#result,Bộ Tài Chính - Trang chủ - Tổng Cục Thuế,Bộ Tài Chính - Trang chủ - Tổng Cục Thuế,https://gdt.gov.vn/wps/portal/!ut/p/z0/PcpBC4IwGMbxr9LF43jfzbm5oxlY0SmCdBeZOsWwiTjKj58odHr-P3hAQ0EYZZyyCCWFHLQzn74zvh-dGVYXWpRplpy5vCHiQ0V44Ud-V-kJszSEK-huGKv92r-mSSeg69F5u3jIu8YfNjgf4GzK1ds6-53_UXqzBMiQ0QBRkT2sMqpt24ioOGKEx7YmsRCKhLYRgsq4MlLCW2fPH6urFys!/,gdt.gov.vn,https://gdt.gov.vn/.../PcpBC4IwGMbxr9LF43jfzbm5oxlY0SmCdBeZOsWw...,https://gdt.gov.vn/.../PcpBC4IwGMbxr9LF43jfzbm5oxlY0SmCdBeZOsWw...,"... 2024); Thông báo về điều chỉnh, bổ sung Kế hoạch tuyển dụng công chức Tổng cục Thuế năm 2024 (24/05/2024); Thông báo kết quả và danh sách trúng tuyển Kỳ tuyển ...","... <b>2024</b>); Thông báo về điều chỉnh, bổ sung Kế hoạch <b>tuyển dụng</b> công chức Tổng cục Thuế năm <b>2024</b> (24/05/<b>2024</b>); Thông báo kết quả và danh sách trúng tuyển Kỳ tuyển&nbsp;...",,
customsearch#result,Bộ Tài Chính - Danh sách cưỡng chế hóa đơn 1 - Tổng Cục Thuế,Bộ Tài Chính - Danh sách cưỡng chế hóa đơn 1 - Tổng Cục Thuế,https://www.gdt.gov.vn/wps/portal/!ut/p/z0/04_Sj9CPykssy0xPLMnMz0vMAfIjo8ziDUwsPX0swoL9ndwsDQwcnc1cvINc_A0CAw30vfSj0nPykyBKM7MKC6Mc9aOS8_NKUitK9CNSEvMS89JVDYozS1KBZKJucm5yckaKfkF2VCQA_Thblg!!/p0/IZ7_049IL8VSOBF900AC6DKRDO0QQ1=CZ6_049IL8VSOBF900AC6DKRDO0QQ0=MKwdusVA=GB=/,www.gdt.gov.vn,https://www.gdt.gov.vn/.../IZ7_049IL8VSOBF900AC6DKRDO0QQ1=CZ6...,https://www.gdt.gov.vn/.../IZ7_049IL8VSOBF900AC6DKRDO0QQ1=CZ6...,Thông báo · Thông báo kế hoạch tuyển dụng công chức Tổng cục Thuế năm 2024 (19/02/2024) · Thông báo phòng thi Vòng 2 khu vực miền Nam (16/10/2023) · Thông báo kết ...,Thông báo &middot; Thông báo kế hoạch <b>tuyển dụng</b> công chức Tổng cục Thuế năm <b>2024</b> (19/02/<b>2024</b>) &middot; Thông báo phòng thi Vòng 2 khu vực miền Nam (16/10/2023) &middot; Thông báo kết&nbsp;...,,
customsearch#result,Bộ Tài Chính - Thông báo - Tổng Cục Thuế,Bộ Tài Chính - Thông báo - Tổng Cục Thuế,https://www.gdt.gov.vn/wps/portal/!ut/p/z1/04_Sj9CPykssy0xPLMnMz0vMAfIjo8zinQO9ncO8wwwMLNyCXA08fS0dwyxMXA0NXAz1wwkpiAJKG-AAjgZA_VFgJc7ujh4m5j5AE0zcDQw8TZz8_TycAw0NPI2hCvCYUZAbYZDpqKgIAJsdyDo!/dz/d5/L2dBISEvZ0FBIS9nQSEh/p0/IZ7_CQKCVKV008FRE0IM9AV84E1GS6=CZ6_CQKCVKV008FRE0IM9AV84E10D1=MEns_Z7_CQFBKCVKV008FRE0IM9AV84E1GS6_WCM_Page.63c77dda-4efe-4e41-98c7-450d1f5d4526!2=CTX!QCPgdtQCAcontentQCPsa_gdtQCPsa_newsQCPsa_thongbao=WCM_PI!1==/p0/IZ7_CQKCVKV008FRE0IM9AV84E1GS6=CZ6_CQKCVKV008FRE0IM9AV84E10D1=MEns_Z7_CQFBKCVKV008FRE0IM9AV84E1GS6_WCM_Page.63c77dda-4efe-4e41-98c7-450d1f5d4526!3=CTX!QCPgdtQCAcontentQCPsa_gdtQCPsa_newsQCPsa_thongbao=WCM_PI!1==/,www.gdt.gov.vn,https://www.gdt.gov.vn/.../IZ7_CQKCVKV008FRE0IM9AV84E1GS6=CZ...,https://www.gdt.gov.vn/.../IZ7_CQKCVKV008FRE0IM9AV84E1GS6=CZ...,... 2024); Luật Thuế cần phải đảm bảo phù hợp với xu thế của thế giới (25/06/2024); Tổng cục Thuế khai mạc kỳ thi tuyển dụng công chức năm 2024 khu vực miền Bắc ...,... <b>2024</b>); Luật Thuế cần phải đảm bảo phù hợp với xu thế của thế giới (25/06/<b>2024</b>); Tổng cục Thuế khai mạc kỳ thi <b>tuyển dụng</b> công chức năm <b>2024</b> khu vực miền Bắc&nbsp;...,,
customsearch#result,Bộ Tài Chính - Chi tiết tin - Tổng Cục Thuế,Bộ Tài Chính - Chi tiết tin - Tổng Cục Thuế,https://gdt.gov.vn/wps/portal/!ut/p/z1/tVLBcoIwFPyVevCYySMEwSNiBxC1dVpQcnEiAtKWgDWDbb--kfaKtuOYy8ubbHb3JYsZXmEmeFPkXBaV4G-qj9lg7SwCJwoiACt8HIM_m5lR6I8Bnk0cYYZZImQtdzjOt_IuqYRMhezDga9V31aRHg_tRu4qkW941QcNEAECfaCGTrhmGSjTjCGiJDMQ12iCIAPYDIZEJ1p60qiTYovjP6GXl0wzdQwdywZ1n7UQx7U9ak4VA3UBfDp6mHvOQgNf_wWc4YiVB7PTw4TiZVOkRxyK6r1U7_z0zxG9iwqDKxXO0rsB3JaeXEk_-fnA7gioYBcv-z2zVXpPif2QeHWz-NZlaemf6DWb3es0njRfozk6land630Dlxz2qA!!/dz/d5/L2dBISEvZ0FBIS9nQSEh/,gdt.gov.vn,https://gdt.gov.vn/wps/portal/.../L2dBISEvZ0FBIS9nQSEh/,https://gdt.gov.vn/wps/portal/.../L2dBISEvZ0FBIS9nQSEh/,THÔNG BÁO TUYỂN DỤNG CÔNG CHỨC TỔNG CỤC THUẾ NĂM 2020. Ngày 01/10/2020. Căn cứ Kế hoạch thi tuyển công chức Tổng cục Thuế năm 2020 ban ...,THÔNG BÁO <b>TUYỂN DỤNG</b> CÔNG CHỨC TỔNG CỤC THUẾ NĂM 2020. Ngày 01/10/2020. Căn cứ Kế hoạch thi tuyển công chức Tổng cục Thuế năm 2020 ban&nbsp;...,,
customsearch#result,Hệ thống giao lưu trực tuyến,Hệ thống giao lưu trực tuyến,https://hanoi.gdt.gov.vn/wps/portal/gltt,hanoi.gdt.gov.vn,https://hanoi.gdt.gov.vn/wps/portal/gltt,https://hanoi.gdt.gov.vn/wps/portal/gltt,... 2024); Lịch trực tiếp công dân và đường dây nóng tháng 6/2024 (04/06/2024); Thông báo kết quả và danh sách trúng tuyển Kỳ tuyển dụng công chức theo Nghị định ...,... <b>2024</b>); Lịch trực tiếp công dân và đường dây nóng tháng 6/<b>2024</b> (04/06/<b>2024</b>); Thông báo kết quả và danh sách trúng tuyển Kỳ <b>tuyển dụng</b> công chức theo Nghị định&nbsp;...,,
customsearch#result,Kết quả thi Vòng 1 của thí sinh tham dự kỳ thi tuyển công chức Tổng ...,Kết quả thi Vòng 1 của thí sinh tham dự kỳ thi <b>tuyển</b> công chức Tổng ...,https://gdt.gov.vn/wps/portal/!ut/p/z1/tVPJcqMwEP2VycFHjRoQ25HgjI0dx3YcINaFQmwmZYQzVpHk7yOMjwNMKhUdJHXp9fL6qTHFz5jyuCmLWJQ1j4_S3lMjcrdLN1gGAJa_mYK3WpmB700BnkwcdoCZMyfmvQSQGYBHbtcPc3ergKdhKp-B2N69FezWt39sAMc1psvH6Rq2W7j6Q89yYMw_wBTThIuTOOB9kYpfSc1FxsUEznEk7cvJs7fz5SIONS9YXE9ABVWdACiou1g2MVONEWToOUEkzXUUp0xDia3aRpbLPWVtplNSpnj_X-hwrHV0mPgC0-JYs06E8uX1lTqSacvuXeDnoyQSc0mqFFlLDSVVkhxkbTKr2d8wBe9aGqG7ijYe3iutwc_RoEt0QcdF9jvTY2JkhoI0ABORXDERA5KjlBArM5I8Z8CuQd0nWfUE-soMW8yAsi65AoZ-1lgHu170KbAgOGzK7A37vP5byTbvvijwfDSD8c0Mg-FnS_jZ8Oo3wy86AfsH4F__-odHOBwbj1Pl-5WlfSDK9FPzoDdQbiqXWas7TS-qqD2OzYdz8wn_3y3Q/dz/d5/L3dHQSEvUUtRZy9nQSEh/,gdt.gov.vn,https://gdt.gov.vn/wps/.../L3dHQSEvUUtRZy9nQSEh/,https://gdt.gov.vn/wps/.../L3dHQSEvUUtRZy9nQSEh/,Căn cứ kết quả thi trên máy kỳ thi tuyển dụng công chức Tổng cục Thuế năm ... dụng Hóa đơn điện tử (25/04/2024). Xem thêm. Z7_CQKCVKV008UPD0IMM7VUID0GK0 ...,Căn cứ kết quả thi trên máy kỳ thi <b>tuyển dụng</b> công chức Tổng cục Thuế năm ... dụng Hóa đơn điện tử (25/04/<b>2024</b>). Xem thêm. Z7_CQKCVKV008UPD0IMM7VUID0GK0&nbsp;...,,
customsearch#result,Bộ Tài Chính - Nộp hồ sơ khai thuế qua mạng - Tổng Cục Thuế,Bộ Tài Chính - Nộp hồ sơ khai thuế qua mạng - Tổng Cục Thuế,https://gdt.gov.vn/wps/portal/home/ihtkk,gdt.gov.vn,https://gdt.gov.vn/wps/portal/home/ihtkk,https://gdt.gov.vn/wps/portal/home/ihtkk,Thông báo · Thông báo phòng thi Vòng 2 kỳ thi tuyển dụng công chức Tổng cục Thuế năm 2024 - Khu vực miền Trung (14/07/2024) · Thông báo thời gian tổ chức kỳ thi ...,Thông báo &middot; Thông báo phòng thi Vòng 2 kỳ thi <b>tuyển dụng</b> công chức Tổng cục Thuế năm <b>2024</b> - Khu vực miền Trung (14/07/<b>2024</b>) &middot; Thông báo thời gian tổ chức kỳ thi&nbsp;...,,
